,city,building,CoolingDemand_kWh,Cooling_HeatDemand_kWh,Cooling_ElecDemand_kWh,MakeupWater_kg,floor_area_m^2,climate_zone,eGRID_subregion,chiller_type,CoolingDemand_intensity_kWh/sqm,Total_annual_water_consumption_L,Total_w4e_intensity (L/kWh),Total_WaterConsumption_intensity_L/kWh,Total_WaterConsumption_intensity L_per_kWh_sqm
0,albuquerque,full_service_restaurant,81176.03759382581,0,16446.64809539112,212723.91680417783,569.52,4B,AZNM,WaterCooledChiller,16.789252863252493,458469.732645512,14.942,5.647845672629663,0.0011681169953732498
1,albuquerque,hospital,11210146.841727791,0,2271228.6244626977,20820273.30024232,22422.0,4B,AZNM,WaterCooledChiller,2318.541228899233,54756971.40696395,14.942,4.884590021884531,0.0010102564678147945
2,albuquerque,large_hotel,2760202.8158055292,0,559230.1093902347,5241976.943596304,11345.0,4B,AZNM,WaterCooledChiller,570.8795896185169,13597993.23810519,14.942,4.926447129261693,0.0010189135737873202
3,albuquerque,large_office,3060472.3538688957,0,620066.1340679141,7252044.9897536915,46320.0,4B,AZNM,WaterCooledChiller,632.9829066947044,16517073.164996464,14.942,5.39690324080739,0.001116215768522728
4,albuquerque,medium_office,320281.0793964718,0,64890.45733917955,814455.3881563416,4982.0,4B,AZNM,WaterCooledChiller,66.24220876866015,1784048.6017183624,14.942,5.570259114525813,0.0011520701374407058
5,albuquerque,midrise_apartment,116117.84474337615,0,23526.023032132154,280526.2508699132,3135.0,4B,AZNM,WaterCooledChiller,24.01610025716156,632052.0870160318,14.942,5.4431951300240335,0.0011257900992810825
6,albuquerque,outpatient_healthcare,1083317.174704926,0,219485.1692221604,2314213.7045507836,3804.0,4B,AZNM,WaterCooledChiller,224.0573267228389,5593761.103068304,14.942,5.163548805170501,0.0010679521830755949
7,albuquerque,primary_school,348703.2289519561,0,70648.91889642595,919247.7199410496,6871.0,4B,AZNM,WaterCooledChiller,72.12062646369309,1974883.8660914463,14.942,5.6635089730228545,0.0011713565611215831
8,albuquerque,quick_service_restaurant,31838.046692328386,0,6450.538428758986,85118.0106352674,232.0,4B,AZNM,WaterCooledChiller,6.58491141516616,181501.95583778416,14.942,5.700788041168317,0.0011790668130648018
9,albuquerque,secondary_school,3259135.764834071,0,660316.2781550478,8078955.898952463,19592.0,4B,AZNM,WaterCooledChiller,674.0715128922587,17945401.727145188,14.942,5.506184161081986,0.0011388178202858296
10,albuquerque,small_hotel,346770.75835346343,0,70257.39123838602,766009.5910883131,4014.0,4B,AZNM,WaterCooledChiller,71.7209427825157,1815795.530972277,14.942,5.236299449221254,0.0010829988519588942
11,albuquerque,small_office,20208.386839671384,0,4094.3144895863506,51277.391305797086,511.0,4B,AZNM,WaterCooledChiller,4.179604310169883,112454.63840919634,14.942,5.564750878008479,0.0011509308951413609
12,albuquerque,stand_alone_retail,98566.42002864565,0,19970.021601016695,262796.42705164506,2294.0,4B,AZNM,WaterCooledChiller,20.38602275670024,561188.4898140365,14.942,5.693505857785465,0.0011775606737922369
13,albuquerque,strip_mall,91738.00433999556,0,18586.55237525569,245313.62216435358,2090.0,4B,AZNM,WaterCooledChiller,18.973734093070437,523033.88775542413,14.942,5.701387244232802,0.0011791907433780357
14,albuquerque,supermarket,96451.65469490988,0,19541.560169795863,263960.36298573884,4181.0,4B,AZNM,WaterCooledChiller,19.94863592449015,555950.3550428287,14.942,5.764031283873539,0.001192147111452645
15,albuquerque,warehouse,25741.81669509118,0,5215.413477541171,73154.29639867213,4835.0,4B,AZNM,WaterCooledChiller,5.324057227526614,151083.00458009233,14.942,5.869166359532931,0.0012138916979385587
16,atlanta,full_service_restaurant,138201.1475863159,0,28000.204347301362,270172.96959657624,569.52,3A,SRSO,WaterCooledChiller,28.583484505959856,688552.0229539531,14.942,4.982245335726363,0.0010304540508224121
17,atlanta,hospital,16863438.28369626,0,3416612.1351973508,26662973.754295304,22422.0,3A,SRSO,WaterCooledChiller,3487.7845467830944,77713992.27841413,14.942,4.608431031146761,0.0009531398202992267
18,atlanta,large_hotel,3565816.3839056278,0,722451.2180837988,5880603.093268307,11345.0,3A,SRSO,WaterCooledChiller,737.5008032896851,16675469.193876429,14.942,4.676480053527556,0.0009672140751866714
19,atlanta,large_office,6461081.304124868,0,1309045.5468687988,11508258.956400495,46320.0,3A,SRSO,WaterCooledChiller,1336.3146440796004,31068017.517714087,14.942,4.808485771240755,0.0009945161884675811
20,atlanta,medium_office,490971.69680856995,0,99473.18151461182,925676.085452641,4982.0,3A,SRSO,WaterCooledChiller,101.54533543093484,2412004.363643971,14.942,4.912715700971277,0.0010160735679361483
21,atlanta,midrise_apartment,190390.21539679018,0,38573.95564322177,358271.43485890375,3135.0,3A,SRSO,WaterCooledChiller,39.377500599129306,934643.4800799235,14.942,4.909094084126346,0.0010153245261895236
22,atlanta,outpatient_healthcare,1474836.239312145,0,298808.7783696143,2534433.8005938274,3804.0,3A,SRSO,WaterCooledChiller,305.03334835825126,6999234.566992603,14.942,4.745770669601261,0.0009815451229785441
23,atlanta,primary_school,581751.7807207332,0,117865.65469301469,1149107.8633410481,6871.0,3A,SRSO,WaterCooledChiller,120.32094740863148,2910256.4757640734,14.942,5.002574245941374,0.0010346585824077298
24,atlanta,quick_service_restaurant,55457.844426624295,0,11236.020856024268,109599.69828761219,232.0,3A,SRSO,WaterCooledChiller,11.470081577378345,277488.3219183268,14.942,5.003590110421055,0.0010348686888151098
25,atlanta,secondary_school,6420113.817731498,0,1300745.3408962484,12217866.155565515,19592.0,3A,SRSO,WaterCooledChiller,1327.841534174043,31653603.039237257,14.942,4.930380354288148,0.001019727063968593
26,atlanta,small_hotel,493999.10115928575,0,100086.54791527106,876512.4307415196,4014.0,3A,SRSO,WaterCooledChiller,102.1714790401832,2372005.6296914998,14.942,4.801639565993192,0.0009931002204742899
27,atlanta,small_office,29775.355804512154,0,6032.62752589835,57985.41673294262,511.0,3A,SRSO,WaterCooledChiller,6.15829489234998,148124.93722491578,14.942,4.974749527677145,0.00102890372857852
28,atlanta,stand_alone_retail,185250.8378786051,0,37532.69351739704,373700.8831749198,2294.0,3A,SRSO,WaterCooledChiller,38.3145476481086,934514.3897118664,14.942,5.044589273729784,0.0010433483503060567
29,atlanta,strip_mall,168569.13147156916,0,34152.90111757665,343139.19712757785,2090.0,3A,SRSO,WaterCooledChiller,34.86434983900086,853451.8456264082,14.942,5.062918923387532,0.0010471393843614336
30,atlanta,supermarket,183299.7360377032,0,37137.391081767586,367557.4741357638,4181.0,3A,SRSO,WaterCooledChiller,37.91101055588484,922464.3716795351,14.942,5.032546099737929,0.001040857518043005
31,atlanta,warehouse,40339.670567919835,0,8173.007525130112,85326.99805730834,4835.0,3A,SRSO,WaterCooledChiller,8.34326175137949,207448.07649780248,14.942,5.142532737061462,0.001063605529898958
32,baltimore,full_service_restaurant,94354.6876052642,0,19116.70474677587,180168.30051446275,569.52,4A,RFCE,WaterCooledChiller,19.514930218255266,465810.10284078785,14.942,4.936798739555146,0.0010210545479948595
33,baltimore,hospital,16332923.58797378,0,3309127.355592293,24449333.796649404,22422.0,4A,RFCE,WaterCooledChiller,3378.0607214009888,73894314.74390945,14.942,4.524255216519786,0.0009357301378531099
34,baltimore,large_hotel,3297171.8709036363,0,668022.5726477022,5168037.316929475,11345.0,4A,RFCE,WaterCooledChiller,681.9383393802764,15149630.59743144,14.942,4.594734879040282,0.0009503071104530056
35,baltimore,large_office,5800386.858040384,0,1175185.7358282413,9928312.706296153,46320.0,4A,RFCE,WaterCooledChiller,1199.666361538859,27487937.971041735,14.942,4.7389835615771885,0.000980141377782252
36,baltimore,medium_office,407672.0136246548,0,82596.27280617735,744895.9358868449,4982.0,4A,RFCE,WaterCooledChiller,84.31685907438569,1979049.4441567468,14.942,4.854513869031161,0.0010040359605028254
37,baltimore,midrise_apartment,133634.22680022588,0,27074.924655477007,244218.38525133842,3135.0,4A,RFCE,WaterCooledChiller,27.638930051753025,648771.9094534758,14.942,4.854833413473824,0.0010041020503565303
38,baltimore,outpatient_healthcare,1255467.9023741249,0,254363.71862250927,2056955.7933772365,3804.0,4A,RFCE,WaterCooledChiller,259.66244102877454,5857658.47703477,14.942,4.665717431690427,0.0009649880934209777
39,baltimore,primary_school,437185.9414027138,0,88575.93378085292,841543.1516536685,6871.0,4A,RFCE,WaterCooledChiller,90.42108405433585,2165044.754207173,14.942,4.95222867245139,0.0010242458474563371
40,baltimore,quick_service_restaurant,38096.9091924772,0,7718.613492147057,73671.03298655523,232.0,4A,RFCE,WaterCooledChiller,7.879402108061469,189002.55578621657,14.942,4.96109946429822,0.0010260805510440994
41,baltimore,secondary_school,5208023.774135944,0,1055170.1810604194,9597671.21429054,19592.0,4A,RFCE,WaterCooledChiller,1077.1507288802368,25364024.059695326,14.942,4.870182080515451,0.0010072765419887179
42,baltimore,small_hotel,386590.90839738835,0,78325.14145495846,660466.1241408265,4014.0,4A,RFCE,WaterCooledChiller,79.95675458063874,1830800.387760816,14.942,4.735756449499535,0.0009794739295759121
43,baltimore,small_office,22528.651074165053,0,4564.410967366903,43358.18818070765,511.0,4A,RFCE,WaterCooledChiller,4.659493500344375,111559.6168551039,14.942,4.951899538407604,0.0010241777742311486
44,baltimore,stand_alone_retail,127906.93042862839,0,25914.54739694427,252545.2949107119,2294.0,4A,RFCE,WaterCooledChiller,26.454380647079294,639760.4621158532,14.942,5.001765424062282,0.0010344912976343913
45,baltimore,strip_mall,116625.24048155417,0,23628.82380189455,231564.17566961836,2090.0,4A,RFCE,WaterCooledChiller,24.12104249877025,584626.0609175267,14.942,5.012860496609163,0.0010367860385954836
46,baltimore,supermarket,125835.34628655232,0,25494.83467882424,246668.99698291672,4181.0,4A,RFCE,WaterCooledChiller,26.025924774881556,627612.8167539085,14.942,4.987571737790654,0.0010315556851686978
47,baltimore,warehouse,27889.629316434264,0,5650.570445103682,58602.53037709539,4835.0,4A,RFCE,WaterCooledChiller,5.768279072685473,143033.3539678346,14.942,5.128549839977639,0.0010607135139560785
48,chicago,full_service_restaurant,68745.04918880865,0,13928.071211924782,130974.73472864849,569.52,5A,RFCW,WaterCooledChiller,14.218210793962493,339087.9747772286,14.942,4.932543925394855,0.001020174545066154
49,chicago,hospital,13606340.421012893,0,2756708.7456300664,19763701.72830456,22422.0,5A,RFCW,WaterCooledChiller,2814.1345234773307,60954443.805509016,14.942,4.47985585539035,0.0009265472296567425
50,chicago,large_hotel,2960639.0400040993,0,599839.4338001984,4392790.480673908,11345.0,5A,RFCW,WaterCooledChiller,612.3348583255635,13355591.300516471,14.942,4.511050188846385,0.0009329990049320341
51,chicago,large_office,3676505.0049129263,0,744877.2547792605,6607518.109832051,46320.0,5A,RFCW,WaterCooledChiller,760.3940030843695,17737474.050743762,14.942,4.824547777587985,0.0009978382166676287
52,chicago,medium_office,281405.05396445055,0,57013.99122208284,520532.23764603486,4982.0,5A,RFCW,WaterCooledChiller,58.20166576307147,1372435.2944863967,14.942,4.877081186536807,0.0010087034511968578
53,chicago,midrise_apartment,102746.57848341212,0,20816.941420292947,185797.22503113994,3135.0,5A,RFCW,WaterCooledChiller,21.250585001739836,496843.96373315714,14.942,4.835625390809193,0.0010001293465996264
54,chicago,outpatient_healthcare,976166.6299806006,0,197775.9634694942,1567574.766167772,3804.0,5A,RFCW,WaterCooledChiller,201.89589037861438,4522743.212328954,14.942,4.633167200582173,0.0009582558842982778
55,chicago,primary_school,316393.7943632786,0,64102.87505649526,604650.1996021607,6871.0,5A,RFCW,WaterCooledChiller,65.43822013718275,1562475.3586963129,14.942,4.938388130654364,0.0010213832741787724
56,chicago,quick_service_restaurant,27837.908348107994,0,5640.09153297112,53627.883979058526,232.0,5A,RFCW,WaterCooledChiller,5.757581871377041,137902.131664713,14.942,4.9537533474236595,0.0010245611887122357
57,chicago,secondary_school,3869679.460327919,0,784015.310582453,7202022.540696483,19592.0,5A,RFCW,WaterCooledChiller,800.347354773096,18916779.311419494,14.942,4.8884615651903305,0.0010110572006598408
58,chicago,small_hotel,318329.0703395533,0,64494.97109730623,531472.632969072,4014.0,5A,RFCW,WaterCooledChiller,65.83848404127265,1495156.4911050217,14.942,4.696889572511167,0.0009714352786993107
59,chicago,small_office,17186.981580108182,0,3482.163533090544,32345.01935074284,511.0,5A,RFCW,WaterCooledChiller,3.554701464345022,84375.50686218176,14.942,4.909268475613893,0.0010153605947495125
60,chicago,stand_alone_retail,88250.34608314835,0,17879.93636235839,170998.17205333864,2294.0,5A,RFCW,WaterCooledChiller,18.252398362595315,438160.18117969774,14.942,4.964968417992025,0.0010268807482920425
61,chicago,strip_mall,80446.3223363658,0,16298.804342418938,156349.71268921642,2090.0,5A,RFCW,WaterCooledChiller,16.63832933533936,399886.4471736402,14.942,4.970848083043708,0.0010280968113844278
62,chicago,supermarket,84912.2049619902,0,17203.613226371577,163977.08555134945,4181.0,5A,RFCW,WaterCooledChiller,17.56198654849849,421033.47437979357,14.942,4.958456497134464,0.001025533918745494
63,chicago,warehouse,18574.371537099592,0,3763.2552822085618,37346.56978514068,4835.0,5A,RFCW,WaterCooledChiller,3.8416487150154275,93577.130211901,14.942,5.037970195922611,0.0010419793579984717
64,denver,full_service_restaurant,64939.12165145914,0,13156.972341633204,171198.38613213124,569.52,5B,RMPA,WaterCooledChiller,13.431048945493101,367789.86686081457,14.942,5.663610124491891,0.0011713774817977024
65,denver,hospital,10603665.525031984,0,2148352.649140586,18457266.922812916,22422.0,5B,RMPA,WaterCooledChiller,2193.1055894585284,50557952.20627156,14.942,4.767969348610613,0.0009861363699298063
66,denver,large_hotel,2542640.2527970057,0,515150.90795844834,4503766.770506888,11345.0,5B,RMPA,WaterCooledChiller,525.8821619021728,12201151.637222022,14.942,4.798614992349102,0.0009924746623265982
67,denver,large_office,2544008.9002910727,0,515428.20239617745,5937382.917242996,46320.0,5B,RMPA,WaterCooledChiller,526.165232738588,13638911.11744668,14.942,5.361188443910784,0.001108829047344526
68,denver,medium_office,251212.54224308179,0,50896.845939851606,637093.1185265667,4982.0,5B,RMPA,WaterCooledChiller,51.957092501154456,1397593.7905598292,14.942,5.563391772085448,0.0011506497977425952
69,denver,midrise_apartment,88891.21466427414,0,18009.779359646644,213321.33927293497,3135.0,5B,RMPA,WaterCooledChiller,18.384946156002925,482423.4624647751,14.942,5.427121952228916,0.001122465760543726
70,denver,outpatient_healthcare,932065.3335965892,0,188840.83281175388,1896299.7780986947,3804.0,5B,RMPA,WaterCooledChiller,192.77462949257273,4717959.501971921,14.942,5.061833470156631,0.0010469148852443912
71,denver,primary_school,255303.75812595658,0,51725.745574551416,669247.7252781804,6871.0,5B,RMPA,WaterCooledChiller,52.80325917806754,1442133.8156531276,14.942,5.648697951957437,0.0011682932682435237
72,denver,quick_service_restaurant,25337.530955736234,0,5133.5032798739085,68852.59348538968,232.0,5B,RMPA,WaterCooledChiller,5.240440735415974,145557.3994932656,14.942,5.744734944677491,0.0011881561416085813
73,denver,secondary_school,2499227.711466768,0,506355.3223232204,6143002.970545113,19592.0,5B,RMPA,WaterCooledChiller,516.9033529403863,13708964.196698673,14.942,5.485280166269059,0.0011344943466947382
74,denver,small_hotel,284991.0912695219,0,57740.53929417032,611918.5829538006,4014.0,5B,RMPA,WaterCooledChiller,58.94334876308623,1474677.7210872935,14.942,5.174469540497532,0.001070210866700627
75,denver,small_office,14682.394108257515,0,2974.7222980334404,37260.61926224831,511.0,5B,RMPA,WaterCooledChiller,3.0366895777161353,81708.91983946398,14.942,5.565095122566566,0.0011510020936021854
76,denver,stand_alone_retail,71441.8560141265,0,14474.45699462553,187982.3350779224,2294.0,5B,RMPA,WaterCooledChiller,14.775978493097519,404259.6714916171,14.942,5.658582993864004,0.001170337744335885
77,denver,strip_mall,63755.91860287251,0,12917.249823235972,168244.2659596617,2090.0,5B,RMPA,WaterCooledChiller,13.186332699663394,361253.8128184536,14.942,5.666200420837123,0.0011719132204420111
78,denver,supermarket,69289.41325778273,0,14038.361939873212,190171.909205501,4181.0,5B,RMPA,WaterCooledChiller,14.33079901918981,399933.11331108655,14.942,5.771922354475491,0.0011937791839659753
79,denver,warehouse,20141.254034243066,0,4080.7130665646996,57885.28540597671,4835.0,5B,RMPA,WaterCooledChiller,4.165719552066818,118859.30004658646,14.942,5.901285979736333,0.0012205348458606685
80,duluth,full_service_restaurant,17927.122408818872,0,3632.119555971898,33525.35276551448,569.52,7,MROW,WaterCooledChiller,3.7077812634578846,87796.48317084658,14.942,4.897410815226929,0.0010129081313809574
81,duluth,hospital,10430594.566986347,0,2113287.656725555,13928890.561261488,22422.0,7,MROW,WaterCooledChiller,2157.310148290868,45505634.72805473,14.942,4.362707651592906,0.0009023180251484811
82,duluth,large_hotel,2448868.7817366277,0,496152.36563449854,3211217.829890512,11345.0,7,MROW,WaterCooledChiller,506.48785558151553,10624726.47720119,14.942,4.338626289999341,0.0008973373919336795
83,duluth,large_office,2216462.574116501,0,449065.7717921349,3772491.21493877,46320.0,7,MROW,WaterCooledChiller,458.4203876145814,10482431.97705685,14.942,4.729352121470053,0.000978149352941066
84,duluth,medium_office,139421.06198419782,0,28247.364758220403,246171.26545002125,4982.0,7,MROW,WaterCooledChiller,28.835793585149496,668243.3896673506,14.942,4.792987373335961,0.00099131072871478
85,duluth,midrise_apartment,49032.53167539685,0,9934.2221866802,83507.29848926871,3135.0,7,MROW,WaterCooledChiller,10.141164772574323,231944.44640264427,14.942,4.730419549578907,0.000978370124008047
86,duluth,outpatient_healthcare,7913.029846782806,0,1603.2171699430405,14886.629843796432,3804.0,7,MROW,WaterCooledChiller,1.636614239251873,38841.90079708534,14.942,4.908600314818383,0.0010152224022375144
87,duluth,primary_school,122007.43036950275,0,24719.280859093873,222764.38370332774,6871.0,7,MROW,WaterCooledChiller,25.234215174664477,592119.8782999085,14.942,4.853146046160121,0.0010037530602192597
88,duluth,quick_service_restaurant,7913.029846782806,0,1603.2171699430405,14886.629843796432,232.0,7,MROW,WaterCooledChiller,1.636614239251873,38841.90079708534,14.942,4.908600314818383,0.0010152224022375144
89,duluth,secondary_school,1750390.105499801,0,354637.291350118,3107055.0469733826,19592.0,7,MROW,WaterCooledChiller,362.0248408479423,8406045.454326846,14.942,4.802384010235598,0.0009932541903279416
90,duluth,small_hotel,201343.92396839635,0,40793.22866462816,306513.99709173804,4014.0,7,MROW,WaterCooledChiller,41.64300392314299,916046.419798612,14.942,4.549660112625985,0.0009409845114014447
91,duluth,small_office,6775.2325370162425,0,1372.6940683937128,12333.52072769806,511.0,7,MROW,WaterCooledChiller,1.401289045918561,32844.31549763692,14.942,4.8477030593700166,0.001002627313209931
92,duluth,stand_alone_retail,17937.922604426523,0,3634.3077265427332,33114.53281423373,2294.0,7,MROW,WaterCooledChiller,3.710015016427409,87418.35886423526,14.942,4.873382542227221,0.001007938478226933
93,duluth,strip_mall,18636.69097990823,0,3775.881495260532,34359.64780663998,2090.0,7,MROW,WaterCooledChiller,3.8545379482747117,90778.86910882285,14.942,4.870975711658758,0.0010074406849345933
94,duluth,supermarket,30070.773701163613,0,6092.480585142475,54128.1537030634,4181.0,7,MROW,WaterCooledChiller,6.219394767562278,145161.99860626226,14.942,4.827344984497193,0.0009984167496374754
95,duluth,warehouse,4273.803721536652,0,865.8927920156623,8481.876685298688,4835.0,7,MROW,WaterCooledChiller,0.8839304491285733,21420.046783596714,14.942,5.011939756534983,0.001036595606315405
96,helena,full_service_restaurant,31112.259358516207,0,6303.4904916444475,77625.14912476546,569.52,6B,NWPP,WaterCooledChiller,6.4348002809754306,171811.90405091678,14.942,5.522321669766087,0.0011421554642742683
97,helena,hospital,9878216.915685952,0,2001373.3392005695,15312434.238230526,22422.0,6B,NWPP,WaterCooledChiller,2043.064512034323,45216954.67256544,14.942,4.577440955033486,0.0009467302905963777
98,helena,large_hotel,2313862.8035671627,0,468799.5176815409,3589807.0864982656,11345.0,6B,NWPP,WaterCooledChiller,478.56521273364274,10594609.479695851,14.942,4.578754394323937,0.0009470019429832342
99,helena,large_office,1762237.745246437,0,357037.67904394545,3871171.526334079,46320.0,6B,NWPP,WaterCooledChiller,364.47523169523,9206028.526608713,14.942,5.224055920627959,0.0010804665813087815
100,helena,medium_office,141310.74495293183,0,28630.223440657268,334472.17828386556,4982.0,6B,NWPP,WaterCooledChiller,29.226627704846294,762264.9769341664,14.942,5.394246397809761,0.0011156662663515534
101,helena,midrise_apartment,51683.81207959626,0,10471.384101730242,116467.19074527368,3135.0,6B,NWPP,WaterCooledChiller,10.689516459068512,272930.611993327,14.942,5.280775566109501,0.0010921976351829371
102,helena,outpatient_healthcare,700573.9573911512,0,141939.58812894975,1264059.4701851238,3804.0,6B,NWPP,WaterCooledChiller,144.89637174584306,3384920.796007891,14.942,4.831639486875744,0.000999304961091157
103,helena,primary_school,125032.08652524359,0,25332.090462488595,305151.4707049818,6871.0,6B,NWPP,WaterCooledChiller,25.859790387847692,683663.5663954865,14.942,5.467904962598996,0.001130900716152843
104,helena,quick_service_restaurant,11639.12792802128,0,2358.142215898993,29844.738481135602,232.0,6B,NWPP,WaterCooledChiller,2.407265341886511,65080.09947109836,14.942,5.591492753887306,0.0011564617898422557
105,helena,secondary_school,1390130.1998339577,0,281646.9352426706,3197719.3948094775,19592.0,6B,NWPP,WaterCooledChiller,287.5140020339106,7406087.9012054615,14.942,5.327621759523009,0.0011018866100357826
106,helena,small_hotel,196149.2408074083,0,39740.76135471459,384013.5267518138,4014.0,6B,NWPP,WaterCooledChiller,40.568612369681134,977819.9829139592,14.942,4.985081659704432,0.0010310406741891275
107,helena,small_office,8098.410697059278,0,1640.776204585468,19220.354089786368,511.0,6B,NWPP,WaterCooledChiller,1.6749556767444216,43736.83213870243,14.942,5.400668572487229,0.001116994534123522
108,helena,stand_alone_retail,31493.993898466186,0,6380.831709946186,78699.20622733269,2294.0,6B,NWPP,WaterCooledChiller,6.513752616021962,174041.5936373486,14.942,5.526183633566549,0.0011429542158358944
109,helena,strip_mall,29103.873397231015,0,5896.582023036324,72940.326666085,2090.0,6B,NWPP,WaterCooledChiller,6.019415387224615,161047.05525429378,14.942,5.533526519175143,0.0011444729098604226
110,helena,supermarket,36598.029982774366,0,7414.933494574061,94696.94337955503,4181.0,6B,NWPP,WaterCooledChiller,7.569396066757883,205490.87965548065,14.942,5.614807129023045,0.001161283790904456
111,helena,warehouse,7519.8340709846725,0,1523.5538511998514,20728.61678654082,4835.0,6B,NWPP,WaterCooledChiller,1.5552914314342652,43493.558431169,14.942,5.78384549720175,0.0011962451907345916
112,houston,full_service_restaurant,234795.52030166617,0,47520.49981914175,439912.5564633682,569.52,2A,ERCT,WaterCooledChiller,48.56163811823499,1149963.8647609842,14.942,4.897724893914101,0.0010129730907785111
113,houston,hospital,18556071.28920018,0,3755581.798193969,29302961.80988734,22422.0,2A,ERCT,WaterCooledChiller,3837.8637619855594,85418865.03850162,14.942,4.603283944496175,0.0009520752729051034
114,houston,large_hotel,3829362.368251737,0,775028.473686953,6305615.856243538,11345.0,2A,ERCT,WaterCooledChiller,792.0087628235237,17886091.310073987,14.942,4.670775338046613,0.0009660341960799612
115,houston,large_office,8672765.267591411,0,1755289.6230751069,15158879.582233837,46320.0,2A,ERCT,WaterCooledChiller,1793.746694434625,41386417.13022208,14.942,4.771997840743574,0.0009869695637525489
116,houston,medium_office,729910.741203094,0,147727.36379623777,1356596.18999264,4982.0,2A,ERCT,WaterCooledChiller,150.96395888378368,3563938.459836025,14.942,4.882704498856493,0.0010098664940758001
117,houston,midrise_apartment,286310.58942129154,0,57946.686100877356,524612.1927521543,3135.0,2A,ERCT,WaterCooledChiller,59.21625427534468,1390451.5764714638,14.942,4.856444811496248,0.0010044353281274557
118,houston,outpatient_healthcare,1850098.4989864696,0,374443.2827062642,3159993.507817786,3804.0,2A,ERCT,WaterCooledChiller,382.64705253081064,8754925.038014784,14.942,4.732139960553966,0.000978725948408266
119,houston,primary_school,978606.1960831732,0,198061.08525508936,1884287.3678230823,6871.0,2A,ERCT,WaterCooledChiller,202.40045420541327,4843716.103704628,14.942,4.949607025881689,0.0010237036247945583
120,houston,quick_service_restaurant,96539.23317992153,0,19538.6718067379,183253.45657550596,232.0,2A,ERCT,WaterCooledChiller,19.966749365030307,475200.2907117837,14.942,4.922354104741501,0.001018067033038573
121,houston,secondary_school,9826665.830957823,0,1988828.7103724708,18132713.46954566,19592.0,2A,ERCT,WaterCooledChiller,2032.4024469406045,47849792.059931114,14.942,4.869382238397244,0.0010071111144565137
122,houston,small_hotel,672384.7755477133,0,136084.6261621889,1180924.0370304862,4014.0,2A,ERCT,WaterCooledChiller,139.06613765206066,3214300.521145913,14.942,4.780448097635165,0.0009887172901003442
123,houston,small_office,53903.80669190545,0,10909.64526436736,102150.34898568528,511.0,2A,ERCT,WaterCooledChiller,11.148667361304126,265162.26852586237,14.942,4.919175190009,0.0010174095532593588
124,houston,stand_alone_retail,347604.700222829,0,70352.0623939034,674551.7072146306,2294.0,2A,ERCT,WaterCooledChiller,71.89342300368749,1725752.2235043352,14.942,4.964697607362779,0.0010268247378206368
125,houston,strip_mall,283609.45215008274,0,57400.00023121928,557084.148798749,2090.0,2A,ERCT,WaterCooledChiller,58.65759093073066,1414754.9522536276,14.942,4.988391400667973,0.001031725212134017
126,houston,supermarket,343831.0932244791,0,69588.31830520721,672039.7544439874,4181.0,2A,ERCT,WaterCooledChiller,71.11294585821699,1711828.4065603935,14.942,4.978689944840974,0.001029718706275279
127,houston,warehouse,83300.38506025884,0,16859.248115571347,175686.2925346329,4835.0,2A,ERCT,WaterCooledChiller,17.228621522287245,427597.17787749995,14.942,5.133195693731542,0.001061674393739719
128,las_vegas,full_service_restaurant,184634.0328775405,0,37407.72591492861,550825.4357366322,569.52,3B,NWPP,WaterCooledChiller,38.18697681024623,1109771.6763574956,14.942,6.010656102028371,0.0012431553468517829
129,las_vegas,hospital,13887915.13610575,0,2813757.1109970165,30178346.160500392,22422.0,3B,NWPP,WaterCooledChiller,2872.371279442761,72221504.91301781,14.942,5.200312948720187,0.0010755559356194803
130,las_vegas,large_hotel,3394095.8894219236,0,687659.8359560942,7707729.239618319,11345.0,3B,NWPP,WaterCooledChiller,701.9846720624454,17982742.50847428,14.942,5.298242328544545,0.0010958102023877032
131,las_vegas,large_office,4798931.815992812,0,972286.2207974221,12937077.588236142,46320.0,3B,NWPP,WaterCooledChiller,992.5401894504264,27464978.299391225,14.942,5.723144097997404,0.0011836906097202492
132,las_vegas,medium_office,563422.4861275083,0,114152.05315557681,1641901.9223910025,4982.0,3B,NWPP,WaterCooledChiller,116.52998678955706,3347561.9006416313,14.942,5.941477280486181,0.001228847420989903
133,las_vegas,midrise_apartment,235897.69653576487,0,47793.985964796135,669951.6023439501,3135.0,3B,NWPP,WaterCooledChiller,48.789595974305044,1384089.3406299339,14.942,5.867328765629085,0.0012135116371518274
134,las_vegas,outpatient_healthcare,1452956.351084027,0,294375.80981484405,3701670.2382367714,3804.0,3B,NWPP,WaterCooledChiller,300.50803538449367,8100233.588490171,14.942,5.5750013291498535,0.001153050947083734
135,las_vegas,primary_school,704862.1573835402,0,142808.39767334206,2088406.339998006,6871.0,3B,NWPP,WaterCooledChiller,145.78327970704038,4222249.418033083,14.942,5.990177474850036,0.00123891985002069
136,las_vegas,quick_service_restaurant,80058.85992826993,0,16220.302631014503,240722.6597822901,232.0,3B,NWPP,WaterCooledChiller,16.558192332630803,483086.4216949088,14.942,6.0341406576078915,0.0012480125455238658
137,las_vegas,secondary_school,6715688.039868019,0,1360630.0724209866,18865228.426722087,19592.0,3B,NWPP,WaterCooledChiller,1388.973741441162,39195762.96883647,14.942,5.836447842149436,0.0012071246829678255
138,las_vegas,small_hotel,516329.3981468685,0,104610.77140912923,1372931.4657092018,4014.0,3B,NWPP,WaterCooledChiller,106.78994791041748,2936025.612104411,14.942,5.686342134772784,0.0011760790351132955
139,las_vegas,small_office,35231.41060446147,0,7138.0499626638875,103800.27697854051,511.0,3B,NWPP,WaterCooledChiller,7.286744695855526,210457.01952066433,14.942,5.973562111475987,0.0012354833736248163
140,las_vegas,stand_alone_retail,216866.4138548047,0,43938.15832975204,659765.8616079673,2294.0,3B,NWPP,WaterCooledChiller,44.853446505647305,1316289.8233711221,14.942,6.069588185528801,0.0012553439887339815
141,las_vegas,strip_mall,203721.03072605998,0,41274.84170570933,621793.2633708392,2090.0,3B,NWPP,WaterCooledChiller,42.134649581398136,1238521.948137548,14.942,6.079499714504029,0.0012573939430204817
142,las_vegas,supermarket,251168.3699391733,0,50887.89642273441,776920.8583961782,4181.0,3B,NWPP,WaterCooledChiller,51.947956554120644,1537287.8067446759,14.942,6.1205469745930525,0.0012658835521392043
143,las_vegas,warehouse,76466.8579176109,0,15492.546081442053,241764.14315123955,4835.0,3B,NWPP,WaterCooledChiller,15.815275680995017,473253.7667001467,14.942,6.1890050093342825,0.0012800424011032642
144,los_angeles,full_service_restaurant,38089.07487112025,0,7717.026221688429,65058.21788678326,569.52,3B-CA,CAMX,WaterCooledChiller,7.87778177272394,180366.0236912518,14.942,4.735374232678153,0.0009793948774928962
145,los_angeles,hospital,14675155.111352984,0,2973255.6431167806,21981421.75649094,22422.0,3B-CA,CAMX,WaterCooledChiller,3035.1923704969977,66407807.575941876,14.942,4.525186076198098,0.0009359226631226677
146,los_angeles,large_hotel,3375500.7776277964,0,683892.3785999842,5143406.991494008,11345.0,3B-CA,CAMX,WaterCooledChiller,698.1387337389444,15362126.912534975,14.942,4.5510660268107035,0.0009412752899298249
147,los_angeles,large_office,5201055.2692618435,0,1053758.3291049348,8346071.305093681,46320.0,3B-CA,CAMX,WaterCooledChiller,1075.7094662382303,24091328.25857962,14.942,4.632007739075375,0.0009580160784023527
148,los_angeles,medium_office,299648.52896584,0,60710.20530543374,490840.7070828476,4982.0,3B-CA,CAMX,WaterCooledChiller,61.97487672509617,1397972.5947566386,14.942,4.665374462479033,0.0009649171587340295
149,los_angeles,midrise_apartment,108282.11874416638,0,21938.467986322357,171895.65053802784,3135.0,3B-CA,CAMX,WaterCooledChiller,22.395474404170916,499700.23918965645,14.942,4.614799239108696,0.0009544569263926982
150,los_angeles,outpatient_healthcare,1193160.9061363568,0,241740.02730450037,1846552.2456861502,3804.0,3B-CA,CAMX,WaterCooledChiller,246.77578203440677,5458631.733669994,14.942,4.574933444095068,0.0009462116740630958
151,los_angeles,primary_school,306507.75873932877,0,62099.91761012248,508786.29707831383,6871.0,3B-CA,CAMX,WaterCooledChiller,63.39353851899251,1436683.266008764,14.942,4.687265574998378,0.0009694447931744318
152,los_angeles,quick_service_restaurant,10498.060752268371,0,2126.9566240780214,18618.318538423915,232.0,3B-CA,CAMX,WaterCooledChiller,2.171263857759746,50399.30441539771,14.942,4.800820418619474,0.0009929308001281228
153,los_angeles,secondary_school,3890804.18388832,0,788295.2792136967,6357954.03155448,19592.0,3B-CA,CAMX,WaterCooledChiller,804.7164806387425,18136662.093565535,14.942,4.66141734109077,0.0009640987261821654
154,los_angeles,small_hotel,372311.7496972682,0,75432.11655253347,578897.0224547785,4014.0,3B-CA,CAMX,WaterCooledChiller,77.00346426003479,1706003.7079827334,14.942,4.582191427936154,0.0009477128082598043
155,los_angeles,small_office,15527.703098261163,0,3145.9858864340363,25805.232827653326,511.0,3B-CA,CAMX,WaterCooledChiller,3.211520806258772,72812.5539427507,14.942,4.6892031282401625,0.0009698455280744907
156,los_angeles,stand_alone_retail,48992.813580872746,0,9926.175113393303,82054.82645210308,2294.0,3B-CA,CAMX,WaterCooledChiller,10.132950068432832,230371.7349964258,14.942,4.7021536049598325,0.0009725240134353325
157,los_angeles,strip_mall,46946.748953050395,0,9511.632769227663,78985.55649339166,2090.0,3B-CA,CAMX,WaterCooledChiller,9.709772275708458,221108.3733311914,14.942,4.709769648848597,0.0009740992034847149
158,los_angeles,supermarket,29681.180776676327,0,6013.547221068255,52012.83719670658,4181.0,3B-CA,CAMX,WaterCooledChiller,6.138817120305341,141867.25977390844,14.942,4.77970404349239,0.0009885634009291395
159,los_angeles,warehouse,2946.9747711806117,0,597.0709884869964,5040.324230319195,4835.0,3B-CA,CAMX,WaterCooledChiller,0.6095087427467656,13961.758940291895,14.942,4.7376581153080455,0.0009798672420492339
160,miami,full_service_restaurant,333075.1009053597,0,67482.58644179034,593195.3873069079,569.52,1A,FRCC,WaterCooledChiller,68.88833524412817,1601520.1939201392,14.942,4.808285547514393,0.0009944747771487886
161,miami,hospital,18181533.961485554,0,3683664.536512182,30518025.408231072,22422.0,1A,FRCC,WaterCooledChiller,3760.3999920342408,85559340.9127961,14.942,4.705837312409328,0.0009732858970856934
162,miami,large_hotel,4501829.695100983,0,912091.9297782952,7616997.42177492,11345.0,1A,FRCC,WaterCooledChiller,931.0919741677317,21245475.03652221,14.942,4.719297813429534,0.0009760698683411651
163,miami,large_office,10589690.60717502,0,2145521.264867982,18614813.24568554,46320.0,1A,FRCC,WaterCooledChiller,2190.2152238211006,50673191.98534293,14.942,4.785143765296544,0.0009896884726569896
164,miami,medium_office,920468.298026496,0,186491.21870610767,1654362.6783115,4982.0,1A,FRCC,WaterCooledChiller,190.37606991240867,4440914.468218161,14.942,4.82462511499807,0.0009978542119954642
165,miami,midrise_apartment,405308.6893941922,0,82117.45217011514,712848.2972495392,3135.0,1A,FRCC,WaterCooledChiller,83.82806399052579,1939847.2675753995,14.942,4.786098394472754,0.0009898859140584806
166,miami,outpatient_healthcare,2215771.0834806184,0,448925.67252778524,3822555.254624087,3804.0,1A,FRCC,WaterCooledChiller,458.27736990292004,10530402.653534254,14.942,4.752477695932692,0.0009829323052601225
167,miami,primary_school,1356672.9030103134,0,274868.32909987145,2466014.5202296968,6871.0,1A,FRCC,WaterCooledChiller,280.5941888335705,6573097.093639975,14.942,4.845012441138147,0.001002070825468076
168,miami,quick_service_restaurant,134955.77569957165,0,27342.676695766877,242107.4002331901,232.0,1A,FRCC,WaterCooledChiller,27.91225971035608,650661.6754213388,14.942,4.821295509943885,0.0009971655656554053
169,miami,secondary_school,13001265.61455965,0,2634117.7359171226,23210193.186227147,19592.0,1A,FRCC,WaterCooledChiller,2688.989785844809,62569180.39630079,14.942,4.812545351448848,0.0009953558120886965
170,miami,small_hotel,882641.2277602147,0,178827.27585314433,1529721.5612397434,4014.0,1A,FRCC,WaterCooledChiller,182.55247730304336,4201758.717037426,14.942,4.760437859559071,0.0009845786679543063
171,miami,small_office,77860.89656315124,0,15774.98488621968,140180.4759308774,511.0,1A,FRCC,WaterCooledChiller,16.10359804822156,375890.3001007718,14.942,4.827716051225991,0.0009984934955999981
172,miami,stand_alone_retail,494478.4787146058,0,100183.67206903432,898850.09968597,2294.0,1A,FRCC,WaterCooledChiller,102.27062641460306,2395794.5277414806,14.942,4.845093630706307,0.0010020876175194017
173,miami,strip_mall,395947.9090670562,0,80220.91392432146,725080.5572293277,2090.0,1A,FRCC,WaterCooledChiller,81.89201842131462,1923741.453086539,14.942,4.858572072319598,0.0010048752993422126
174,miami,supermarket,431613.59909479733,0,87446.95094648599,787651.1944831623,4181.0,1A,FRCC,WaterCooledChiller,89.2685830599374,2094283.5355255557,14.942,4.852218604598643,0.0010035612419025115
175,miami,warehouse,417101.76681913476,0,84506.78528021641,796725.5422036935,4835.0,1A,FRCC,WaterCooledChiller,86.26716997293377,2059425.927860687,14.942,4.937466325223463,0.001021192621556042
176,minneapolis,full_service_restaurant,58445.38786568652,0,11841.311247972244,113071.37853670052,569.52,6A,MROW,WaterCooledChiller,12.087980944299177,290004.2512039018,14.942,4.961969828489481,0.0010262605643204718
177,minneapolis,hospital,12220318.45247957,0,2475894.1574259903,17941332.986285474,22422.0,6A,MROW,WaterCooledChiller,2527.47020733807,54936143.486544624,14.942,4.495475604843815,0.0009297777879718335
178,minneapolis,large_hotel,2759755.958306853,0,559139.5739533331,4111796.655763804,11345.0,6A,MROW,WaterCooledChiller,570.7871682123791,12466460.169774506,14.942,4.51723281265161,0.0009342777275391127
179,minneapolis,large_office,3170163.0869383183,0,642289.993960469,5875348.303682932,46320.0,6A,MROW,WaterCooledChiller,655.6697180844506,15472445.393440261,14.942,4.8806465059131225,0.0010094408492064368
180,minneapolis,medium_office,234904.38351073337,0,47592.736060816176,446035.5019272472,4982.0,6A,MROW,WaterCooledChiller,48.584153776780425,1157166.1641479626,14.942,4.926115668229277,0.0010188450192821668
181,minneapolis,midrise_apartment,91041.63081959124,0,18445.463815472307,168382.134323348,3135.0,6A,MROW,WaterCooledChiller,18.829706477681746,443994.2546541352,14.942,4.87682668529914,0.0010086508139191604
182,minneapolis,outpatient_healthcare,859087.7428124285,0,174055.22870919845,1393829.6974739977,3804.0,6A,MROW,WaterCooledChiller,177.68102229833062,3994562.924846841,14.942,4.649772922809592,0.0009616903666617564
183,minneapolis,primary_school,252154.34036805455,0,51087.6586821022,493339.1059856462,6871.0,6A,MROW,WaterCooledChiller,52.15188011748801,1256690.9020136173,14.942,4.983816261815288,0.0010307789579762747
184,minneapolis,quick_service_restaurant,23566.730710415573,0,4774.730797928621,46017.92320506118,232.0,6A,MROW,WaterCooledChiller,4.874194562650584,117361.95078771064,14.942,4.979984378394974,0.0010299864277962718
185,minneapolis,secondary_school,3210837.3087884746,0,650530.7831533408,6119815.8600516375,19592.0,6A,MROW,WaterCooledChiller,664.0821734826214,15840046.821928855,14.942,4.933307202632974,0.001020332410058526
186,minneapolis,small_hotel,282436.0612098215,0,57222.878152894365,479850.5257917465,4014.0,6A,MROW,WaterCooledChiller,58.41490407648842,1334874.7711522942,14.942,4.726290139560533,0.0009775160578201721
187,minneapolis,small_office,14392.478470317683,0,2915.984022356522,27638.689965989044,511.0,6A,MROW,WaterCooledChiller,2.9767277084421266,71209.3232280402,14.942,4.947676202879073,0.0010233042818777814
188,minneapolis,stand_alone_retail,72166.95675186455,0,14621.36582413705,140890.99132510164,2294.0,6A,MROW,WaterCooledChiller,14.92594762189546,359363.4394693575,14.942,4.979611939366873,0.0010299093980076263
189,minneapolis,strip_mall,66433.46329682377,0,13459.73300726919,129892.11638639754,2090.0,6A,MROW,WaterCooledChiller,13.740116503996644,331007.44698101375,14.942,4.982540884585186,0.001030515177783906
190,minneapolis,supermarket,71679.7319896904,0,14522.6517892523,140903.5230659301,4181.0,6A,MROW,WaterCooledChiller,14.82517724709212,357900.98610093794,14.942,4.993056979515694,0.0010326901715647764
191,minneapolis,warehouse,14570.77077760158,0,2952.1068847544802,29683.908441097716,4835.0,6A,MROW,WaterCooledChiller,3.013603056380885,73794.28951309915,14.942,5.064542613389877,0.0010474752044239662
192,phoenix,full_service_restaurant,266638.07857127185,0,54022.13235678422,772869.1885694755,569.52,2B,AZNM,WaterCooledChiller,55.14748264142127,1580067.8902445454,14.942,5.925889875561027,0.0012256235523394059
193,phoenix,hospital,16674461.267935596,0,3378324.5004659244,37323541.461184464,22422.0,2B,AZNM,WaterCooledChiller,3448.6993315275276,87802466.14714631,14.942,5.265685333773714,0.001089076594368917
194,phoenix,large_hotel,3981322.8122200817,0,806634.7802583079,9386394.89483183,11345.0,2B,AZNM,WaterCooledChiller,823.4380170051875,21439131.781451467,14.942,5.38492676746714,0.0011137387316374643
195,phoenix,large_office,8387812.171068958,0,1699410.3082250205,21791157.812908996,46320.0,2B,AZNM,WaterCooledChiller,1734.8112039439416,47183746.63840725,14.942,5.625274586041913,0.0011634487251379344
196,phoenix,medium_office,838239.4245932477,0,169831.26110379325,2365247.284254462,4982.0,2B,AZNM,WaterCooledChiller,173.3690640316955,4902865.987667341,14.942,5.84900428662901,0.0012097216725189266
197,phoenix,midrise_apartment,365488.4260348538,0,74049.67899530522,1021589.2441586606,3135.0,2B,AZNM,WaterCooledChiller,75.59222875591598,2128039.5477065113,14.942,5.822453998867742,0.0012042304030750242
198,phoenix,outpatient_healthcare,1924976.0250693748,0,390009.2221154305,4907766.469436773,3804.0,2B,AZNM,WaterCooledChiller,398.1336142852895,10735284.266285535,14.942,5.576840504233627,0.0011534313348983717
199,phoenix,primary_school,1117634.0042763494,0,226437.9207537721,3231496.6866817595,6871.0,2B,AZNM,WaterCooledChiller,231.15491298373308,6614932.098584622,14.942,5.918692589232454,0.0012241349719198458
200,phoenix,quick_service_restaurant,119619.07263903387,0,24235.38831785566,348559.99969713436,232.0,2B,AZNM,WaterCooledChiller,24.74024253134103,710685.1719425337,14.942,5.941236261604525,0.0012287975722036245
201,phoenix,secondary_school,11281158.855991058,0,2285615.9934911677,30769777.080895316,19592.0,2B,AZNM,WaterCooledChiller,2333.228305272194,64921451.25564034,14.942,5.754856578512115,0.001190249550881513
202,phoenix,small_hotel,733770.7055353516,0,148665.40588037542,1939545.5623924623,4014.0,2B,AZNM,WaterCooledChiller,151.76229690493312,4160904.0570570314,14.942,5.670578050702199,0.0011728186247574352
203,phoenix,small_office,71996.84106732268,0,14586.899584072808,203446.47399778428,511.0,2B,AZNM,WaterCooledChiller,14.890763405857843,421403.92758300016,14.942,5.853089126354232,0.0012105665204455494
204,phoenix,stand_alone_retail,401983.2397528322,0,81443.70038779645,1178912.6180163347,2294.0,2B,AZNM,WaterCooledChiller,83.14027709469126,2395844.3892107895,14.942,5.9600604012344505,0.0012326908792625543
205,phoenix,strip_mall,314040.56571715436,0,63626.09983343659,927695.4148102602,2090.0,2B,AZNM,WaterCooledChiller,64.95151307490266,1878396.5985214696,14.942,5.981382036527337,0.0012371007314430893
206,phoenix,supermarket,476932.2068895614,0,96628.71463767346,1435644.9518045017,4181.0,2B,AZNM,WaterCooledChiller,98.64161466175003,2879471.2059206185,14.942,6.037485337171599,0.0012487043096528643
207,phoenix,warehouse,157690.34950958707,0,31948.808580682333,480250.2720247431,4835.0,2B,AZNM,WaterCooledChiller,32.61434322845648,957629.3698372985,14.942,6.072847024662582,0.0012560179988960873
208,san_francisco,full_service_restaurant,11326.412683080798,0,2294.784632305987,21949.95042177473,569.52,3C,CAMX,WaterCooledChiller,2.342587938589617,56238.62239769079,14.942,4.965263404334462,0.001026941758910954
209,san_francisco,hospital,13677543.281808356,0,2771134.7810661243,19145619.269591164,22422.0,3C,CAMX,WaterCooledChiller,2828.861071728719,60551915.1682812,14.942,4.427104628417993,0.0009156369448641144
210,san_francisco,large_hotel,2900597.843419503,0,587674.8041789014,4163326.1711781756,11345.0,3C,CAMX,WaterCooledChiller,599.9168238716655,12944363.09521932,14.942,4.462653492136387,0.0009229893468741235
211,san_francisco,large_office,3282700.888418669,0,665090.6833417086,5350406.5477976445,46320.0,3C,CAMX,WaterCooledChiller,678.9453750607381,15288191.538289456,14.942,4.6571990741605545,0.000963226282142824
212,san_francisco,medium_office,170053.08318796114,0,34453.556734597056,287988.1402663367,4982.0,3C,CAMX,WaterCooledChiller,35.171268498027125,802793.1849946859,14.942,4.720838751905202,0.0009763885732999384
213,san_francisco,midrise_apartment,68170.2860357162,0,13811.621486152162,111081.37861254442,3135.0,3C,CAMX,WaterCooledChiller,14.099335271089183,317454.62685863,14.942,4.656788834541595,0.0009631414342381789
214,san_francisco,outpatient_healthcare,935618.1339681877,0,189560.6469243527,1383796.6062191455,3804.0,3C,CAMX,WaterCooledChiller,193.50943825608846,4216211.792562824,14.942,4.506338258623556,0.0009320244588673332
215,san_francisco,primary_school,185266.11317057564,0,37535.78836359845,319739.2912966819,6871.0,3C,CAMX,WaterCooledChiller,38.31770696392464,880599.0410255699,14.942,4.753157638789545,0.000983072934599699
216,san_francisco,quick_service_restaurant,3472.5962586700903,0,703.5643810244657,7070.089536987616,232.0,3C,CAMX,WaterCooledChiller,0.7182205291975368,17582.748518255183,14.942,5.063286143431168,0.0010472153347324028
217,san_francisco,secondary_school,2586770.5593144875,0,524091.91620606,4403975.058649108,19592.0,3C,CAMX,WaterCooledChiller,535.0094228158196,12234956.470600057,14.942,4.729818973137845,0.0009782459096458831
218,san_francisco,small_hotel,271737.0067503561,0,55055.19925572174,411087.4047051064,4014.0,3C,CAMX,WaterCooledChiller,56.20206964847076,1233722.1919841007,14.942,4.540133148362517,0.0009390140948009342
219,san_francisco,small_office,7105.732828875942,0,1439.654986378385,12544.900202481764,511.0,3C,CAMX,WaterCooledChiller,1.469644845682718,34056.22500894759,14.942,4.792781522906619,0.0009912681536518343
220,san_francisco,stand_alone_retail,12249.044525333578,0,2481.7141952770216,22129.770139166205,2294.0,3C,CAMX,WaterCooledChiller,2.533411484040037,59211.543644995465,14.942,4.83397243944486,0.000999787474549092
221,san_francisco,strip_mall,12205.814893220579,0,2472.9556679119196,22673.071185411056,2090.0,3C,CAMX,WaterCooledChiller,2.5244705053196648,59623.97477535096,14.942,4.884882762597656,0.001010317013980901
222,san_francisco,supermarket,8628.03831147981,0,1748.0812573346639,17480.483771393734,4181.0,3C,CAMX,WaterCooledChiller,1.7844960313298468,43600.31391848828,14.942,5.053328734119902,0.0010451558912347265
223,san_francisco,warehouse,1529.0296860804071,0,309.7886262963328,3038.066317313721,4835.0,3C,CAMX,WaterCooledChiller,0.31624192059574086,7666.927971433525,14.942,5.014244027588059,0.0010370721877121115
224,seattle,full_service_restaurant,15625.237092130605,0,3165.7467336256045,31490.126484436143,569.52,4C,NWPP,WaterCooledChiller,3.2316932972348718,78792.71417826993,14.942,5.042657190651692,0.0010429487467738764
225,seattle,hospital,13382720.384986538,0,2711402.2715938897,18146018.664871532,22422.0,4C,NWPP,WaterCooledChiller,2767.8842574946307,58659791.40702744,14.942,4.383248675869756,0.0009065664272739929
226,seattle,large_hotel,2635595.468856204,0,533984.0731691793,3707311.2292789877,11345.0,4C,NWPP,WaterCooledChiller,545.1076460922862,11686101.250572864,14.942,4.433951032570412,0.0009170529539959487
227,seattle,large_office,2131356.6276067356,0,431822.9056143744,3750907.488283197,46320.0,4C,NWPP,WaterCooledChiller,440.81833042538483,10203205.343973178,14.942,4.787188221724389,0.0009901113178333793
228,seattle,medium_office,123303.73380321776,0,24981.91804897295,227794.25688853077,4982.0,4C,NWPP,WaterCooledChiller,25.502323433964378,601074.0763762846,14.942,4.874743512110895,0.001008219961139792
229,seattle,midrise_apartment,43240.359102575974,0,8760.7007037813,76479.60076698841,3135.0,4C,NWPP,WaterCooledChiller,8.943197332487275,207381.9906828886,14.942,4.796028409267632,0.0009919396916789312
230,seattle,outpatient_healthcare,806348.7142857026,0,163370.05277819445,1188716.182513663,3804.0,4C,NWPP,WaterCooledChiller,166.77326045205845,3629791.5111254444,14.942,4.501515841494044,0.0009310270613224496
231,seattle,primary_school,101668.41028054242,0,20598.49945705044,192500.12318910268,6871.0,4C,NWPP,WaterCooledChiller,21.027592612314876,500282.90207635035,14.942,4.920731038243606,0.0010177313419324934
232,seattle,quick_service_restaurant,5063.349115665304,0,1025.8584128746743,10500.353962363444,232.0,4C,NWPP,WaterCooledChiller,1.0472283589793805,25828.730367536828,14.942,5.1011158380579165,0.0010550394701257324
233,seattle,secondary_school,1407931.6389288323,0,285253.5907664334,2592000.2728457055,19592.0,4C,NWPP,WaterCooledChiller,291.19578881671816,6854259.426077753,14.942,4.868318344839909,0.0010068910744239728
234,seattle,small_hotel,209813.83973616484,0,42509.27354879858,326157.75475597236,4014.0,4C,NWPP,WaterCooledChiller,43.394796222578044,961331.3201221207,14.942,4.581829879911489,0.0009476380310054787
235,seattle,small_office,5982.7171709288405,0,1212.1267172075409,11388.922311761951,511.0,4C,NWPP,WaterCooledChiller,1.2373768709263373,29500.51972027703,14.942,4.9309567672069905,0.0010198462807046516
236,seattle,stand_alone_retail,17188.440398590796,0,3482.459096595869,34559.90351851493,2294.0,4C,NWPP,WaterCooledChiller,3.5550031848171244,86594.8073398504,14.942,5.037967688269724,0.0010419788393525799
237,seattle,strip_mall,17693.59298662469,0,3584.80539355902,35649.1219803496,2090.0,4C,NWPP,WaterCooledChiller,3.659481486375324,89213.28417090848,14.942,5.042123679365092,0.0010428384031778888
238,seattle,supermarket,14366.342170966967,0,2910.6886848323024,30080.680733428268,4181.0,4C,NWPP,WaterCooledChiller,2.971322062247563,73572.19106219253,14.942,5.121149850577487,0.0010591830094265743
239,seattle,warehouse,3078.085706382475,0,623.6346823631649,6655.979152619352,4835.0,4C,NWPP,WaterCooledChiller,0.6366257924265719,15974.328576489763,14.942,5.189695837047895,0.001073360049027486
