,city,building,CoolingDemand_kWh,Cooling_HeatDemand_kWh,Cooling_ElecDemand_kWh,MakeupWater_kg,floor_area_m^2,climate_zone,eGRID_subregion,chiller_type,CoolingDemand_intensity_kWh/sqm,PoG_w4e_intensity_factor_(L/kWh),PoG_annual_water_consumption_L,percent_evaporation,PoG_WaterConsumption_intensity_L/kWh,PoG_WaterConsumption_intensity_L/kWh_sqm
0,albuquerque,full_service_restaurant,81176.03759382581,0,16446.64809539112,212723.91680417783,569.52,4B,AZNM,WaterCooledChiller,142.53412978266928,11.15,396104.0430677888,0.5370405087427307,4.8795685870964,0.008567861685448097
1,albuquerque,hospital,11210146.841727791,0,2271228.6244626977,20820273.30024232,22422.0,4B,AZNM,WaterCooledChiller,499.9619499477206,11.15,46144472.4630014,0.45119755821102947,4.1163129363512665,0.00018358366498756875
2,albuquerque,large_hotel,2760202.8158055292,0,559230.1093902347,5241976.943596304,11345.0,4B,AZNM,WaterCooledChiller,243.29685463248384,11.15,11477392.663297422,0.45672193131103517,4.1581700437284335,0.0003665200567411576
3,albuquerque,large_office,3060472.3538688957,0,620066.1340679141,7252044.9897536915,46320.0,4B,AZNM,WaterCooledChiller,66.0723737881886,11.15,14165782.384610934,0.511941013412149,4.628626155274124,9.992716224685069e-05
4,albuquerque,medium_office,320281.0793964718,0,64890.45733917955,814455.3881563416,4982.0,4B,AZNM,WaterCooledChiller,64.28765142442228,11.15,1537983.9874881937,0.5295603821509838,4.80198202899255,0.0009638663245669511
5,albuquerque,midrise_apartment,116117.84474337615,0,23526.023032132154,280526.2508699132,3135.0,4B,AZNM,WaterCooledChiller,37.039184926116796,11.15,542841.4076781867,0.5167738623141621,4.674918044490768,0.0014912019280672306
6,albuquerque,outpatient_healthcare,1083317.174704926,0,219485.1692221604,2314213.7045507836,3804.0,4B,AZNM,WaterCooledChiller,284.7836947173833,11.15,4761473.341377872,0.48602891135395876,4.395271719637235,0.0011554342060034794
7,albuquerque,primary_school,348703.2289519561,0,70648.91889642595,919247.7199410496,6871.0,4B,AZNM,WaterCooledChiller,50.74999693668405,11.15,1706983.165636199,0.5385218427730906,4.895231887489591,0.0007124482444316098
8,albuquerque,quick_service_restaurant,31838.046692328386,0,6450.538428758986,85118.0106352674,232.0,4B,AZNM,WaterCooledChiller,137.2329598807258,11.15,157041.5141159301,0.5420096151927838,4.932510955635053,0.021260823084633847
9,albuquerque,secondary_school,3259135.764834071,0,660316.2781550478,8078955.898952463,19592.0,4B,AZNM,WaterCooledChiller,166.35033507728008,11.15,15441482.400381245,0.5231982065888309,4.737907075548724,0.00024182865840897936
10,albuquerque,small_hotel,346770.75835346343,0,70257.39123838602,766009.5910883131,4014.0,4B,AZNM,WaterCooledChiller,86.39032345626892,11.15,1549379.5033963174,0.49439765364727095,4.468022363687987,0.0011131097069476798
11,albuquerque,small_office,20208.386839671384,0,4094.3144895863506,51277.391305797086,511.0,4B,AZNM,WaterCooledChiller,39.546745283114255,11.15,96928.9978646849,0.5290201326271989,4.7964737924752185,0.009386445777838
12,albuquerque,stand_alone_retail,98566.42002864565,0,19970.021601016695,262796.42705164506,2294.0,4B,AZNM,WaterCooledChiller,42.96705319470168,11.15,485462.1679029812,0.5413324547756819,4.9252287722522015,0.0021470046958379256
13,albuquerque,strip_mall,91738.00433999556,0,18586.55237525569,245313.62216435358,2090.0,4B,AZNM,WaterCooledChiller,43.89378198085912,11.15,452553.68114845455,0.5420652452584548,4.93311015869954,0.0023603397888514546
14,albuquerque,supermarket,96451.65469490988,0,19541.560169795863,263960.36298573884,4181.0,4B,AZNM,WaterCooledChiller,23.069039630449627,11.15,481848.7588789627,0.5478074979374264,4.9957541983402765,0.0011948706525568707
15,albuquerque,warehouse,25741.81669509118,0,5215.413477541171,73154.29639867213,4835.0,4B,AZNM,WaterCooledChiller,5.324057227526614,11.15,131306.1566732562,0.557127694939013,5.100889273999669,0.0010549926109616689
16,atlanta,full_service_restaurant,138201.1475863159,0,28000.204347301362,270172.96959657624,569.52,3A,SRSO,WaterCooledChiller,242.66250102949132,11.15,582375.2480689865,0.4639156119570733,4.213968250193104,0.007399157624303105
17,atlanta,hospital,16863438.28369626,0,3416612.1351973508,26662973.754295304,22422.0,3A,SRSO,WaterCooledChiller,752.093403072708,11.15,64758199.06174577,0.4117312423848082,3.8401539456134897,0.00017126723510897733
18,atlanta,large_hotel,3565816.3839056278,0,722451.2180837988,5880603.093268307,11345.0,3A,SRSO,WaterCooledChiller,314.3073057651501,11.15,13935934.174902663,0.42197408652078255,3.908202967994296,0.0003444868195675889
19,atlanta,large_office,6461081.304124868,0,1309045.5468687988,11508258.956400495,46320.0,3A,SRSO,WaterCooledChiller,139.48793834466468,11.15,26104116.8039876,0.44085992423396303,4.040208685707495,8.722384900059358e-05
20,atlanta,medium_office,490971.69680856995,0,99473.18151461182,925676.085452641,4982.0,3A,SRSO,WaterCooledChiller,98.54911617996186,11.15,2034802.0593405627,0.4549219326781267,4.144438615438015,0.0008318825000879196
21,atlanta,midrise_apartment,190390.21539679018,0,38573.95564322177,358271.43485890375,3135.0,3A,SRSO,WaterCooledChiller,60.73053122704631,11.15,788371.0402808265,0.45444519972636677,4.1408169985930785,0.0013208347682912532
22,atlanta,outpatient_healthcare,1474836.239312145,0,298808.7783696143,2534433.8005938274,3804.0,3A,SRSO,WaterCooledChiller,387.70668751633673,11.15,5866151.679415027,0.4320436870883232,3.9774935840679952,0.0010456081977045202
23,atlanta,primary_school,581751.7807207332,0,117865.65469301469,1149107.8633410481,6871.0,3A,SRSO,WaterCooledChiller,84.66770204056661,11.15,2463309.913168162,0.4664893593770888,4.23429716040811,0.0006162563179170586
24,atlanta,quick_service_restaurant,55457.844426624295,0,11236.020856024268,109599.69828761219,232.0,3A,SRSO,WaterCooledChiller,239.0424328733806,11.15,234881.33083228278,0.4666173250094191,4.235313024887793,0.01825565959003359
25,atlanta,secondary_school,6420113.817731498,0,1300745.3408962484,12217866.155565515,19592.0,3A,SRSO,WaterCooledChiller,327.6905786918894,11.15,26721176.706558682,0.45723533397264854,4.162103268754887,0.00021243891735171942
26,atlanta,small_hotel,493999.10115928575,0,100086.54791527106,876512.4307415196,4014.0,3A,SRSO,WaterCooledChiller,123.06903367196955,11.15,1992477.439996792,0.43991084322788154,4.033362480459929,0.0010048237370353585
27,atlanta,small_office,29775.355804512154,0,6032.62752589835,57985.41673294262,511.0,3A,SRSO,WaterCooledChiller,58.26879805188288,11.15,125249.21364670922,0.4629603256153147,4.206472442143881,0.00823184430947922
28,atlanta,stand_alone_retail,185250.8378786051,0,37532.69351739704,373700.8831749198,2294.0,3A,SRSO,WaterCooledChiller,80.75450648587842,11.15,792190.4158938968,0.4717311339259777,4.276312188196521,0.0018641291142966528
29,atlanta,strip_mall,168569.13147156916,0,34152.90111757665,343139.19712757785,2090.0,3A,SRSO,WaterCooledChiller,80.655086828502,11.15,723944.0445885574,0.4739857999972854,4.294641837854268,0.0020548525539972576
30,atlanta,supermarket,183299.7360377032,0,37137.391081767586,367557.4741357638,4181.0,3A,SRSO,WaterCooledChiller,43.841123185291366,11.15,781639.3846974724,0.47023919384259805,4.264269014204667,0.001019916052189588
31,atlanta,warehouse,40339.670567919835,0,8173.007525130112,85326.99805730834,4835.0,3A,SRSO,WaterCooledChiller,8.34326175137949,11.15,176456.0319625091,0.4835595423308478,4.374255651528199,0.0009047064429220681
32,baltimore,full_service_restaurant,94354.6876052642,0,19116.70474677587,180168.30051446275,569.52,4A,RFCE,WaterCooledChiller,165.6740546517492,11.15,393319.55844101374,0.458071043373966,4.16852165402188,0.007319359555453505
33,baltimore,hospital,16332923.58797378,0,3309127.355592293,24449333.796649404,22422.0,4A,RFCE,WaterCooledChiller,728.4329492451067,11.15,61346103.81150348,0.3985474590493019,3.755978130986524,0.00016751307336484365
34,baltimore,large_hotel,3297171.8709036363,0,668022.5726477022,5168037.316929475,11345.0,4A,RFCE,WaterCooledChiller,290.6277541563364,11.15,12616489.001951355,0.40962563484422254,3.8264577935070245,0.00033728142736950414
35,baltimore,large_office,5800386.858040384,0,1175185.7358282413,9928312.706296153,46320.0,4A,RFCE,WaterCooledChiller,125.22424132211538,11.15,23031633.660781045,0.43107288230284685,3.970706476043928,8.572336951735596e-05
36,baltimore,medium_office,407672.0136246548,0,82596.27280617735,744895.9358868449,4982.0,4A,RFCE,WaterCooledChiller,81.82898707841325,11.15,1665844.3776757224,0.44715817748003844,4.0862367834979025,0.0008202000769766966
37,baltimore,midrise_apartment,133634.22680022588,0,27074.924655477007,244218.38525133842,3135.0,4A,RFCE,WaterCooledChiller,42.626547623676515,11.15,546103.7951599071,0.44720140642829215,4.08655632794056,0.0013035267393749792
38,baltimore,outpatient_healthcare,1255467.9023741249,0,254363.71862250927,2056955.7933772365,3804.0,4A,RFCE,WaterCooledChiller,330.0388807502957,11.15,4893111.256018215,0.42037789164252337,3.8974403461571616,0.0010245637082432076
39,baltimore,primary_school,437185.9414027138,0,88575.93378085292,841543.1516536685,6871.0,4A,RFCE,WaterCooledChiller,63.627702139821544,11.15,1829164.8133101785,0.46006961512164446,4.183951586918124,0.0006089290622788712
40,baltimore,quick_service_restaurant,38096.9091924772,0,7718.613492147057,73671.03298655523,232.0,4A,RFCE,WaterCooledChiller,164.21081548481553,11.15,159733.57342399494,0.4612119506711573,4.19282237876496,0.018072510253297244
41,baltimore,secondary_school,5208023.774135944,0,1055170.1810604194,9597671.21429054,19592.0,4A,RFCE,WaterCooledChiller,265.8239982715366,11.15,21362818.73311422,0.4492698896243181,4.101904994982188,0.00020936632273285975
42,baltimore,small_hotel,386590.90839738835,0,78325.14145495846,660466.1241408265,4014.0,4A,RFCE,WaterCooledChiller,96.31063985983765,11.15,1533791.4513636134,0.43061012209556965,3.9674793639662713,0.0009884104045755533
43,baltimore,small_office,22528.651074165053,0,4564.410967366903,43358.18818070765,511.0,4A,RFCE,WaterCooledChiller,44.0873797928866,11.15,94251.37046684862,0.4600271377057396,4.183622452874344,0.00818712808781672
44,baltimore,stand_alone_retail,127906.93042862839,0,25914.54739694427,252545.2949107119,2294.0,4A,RFCE,WaterCooledChiller,55.75716234900976,11.15,541492.4983866405,0.46638743041346375,4.233488338529016,0.0018454613507101203
45,baltimore,strip_mall,116625.24048155417,0,23628.82380189455,231564.17566961836,2090.0,4A,RFCE,WaterCooledChiller,55.80155046964314,11.15,495025.5610607426,0.4677822599168855,4.244583411075903,0.0020309011536248337
46,baltimore,supermarket,125835.34628655232,0,25494.83467882424,246668.99698291672,4181.0,4A,RFCE,WaterCooledChiller,30.09694960214119,11.15,530936.403651807,0.4645923603774672,4.21929465225739,0.0010091592088632838
47,baltimore,warehouse,27889.629316434264,0,5650.570445103682,58602.53037709539,4835.0,4A,RFCE,WaterCooledChiller,5.768279072685473,11.15,121606.39084000145,0.48190337672465944,4.360272754444376,0.0009018144269791884
48,chicago,full_service_restaurant,68745.04918880865,0,13928.071211924782,130974.73472864849,569.52,5A,RFCW,WaterCooledChiller,120.70699745190451,11.15,286272.7287416098,0.45751733077888285,4.1642668398615905,0.00731188867794211
49,chicago,hospital,13606340.421012893,0,2756708.7456300664,19763701.72830456,22422.0,5A,RFCW,WaterCooledChiller,606.8299179829138,11.15,50501004.2420798,0.391352647831833,3.7115787698570877,0.00016553290383806475
50,chicago,large_hotel,2960639.0400040993,0,599839.4338001984,4392790.480673908,11345.0,5A,RFCW,WaterCooledChiller,260.96421683597174,11.15,11081000.16754612,0.39642545025307846,3.74277310331312,0.00032990507741852094
51,chicago,large_office,3676505.0049129263,0,744877.2547792605,6607518.109832051,46320.0,5A,RFCW,WaterCooledChiller,79.37186970882829,11.15,14912899.500620805,0.44307400512938405,4.056270692054722,8.75706107956546e-05
52,chicago,medium_office,281405.05396445055,0,57013.99122208284,520532.23764603486,4982.0,5A,RFCW,WaterCooledChiller,56.48435446897843,11.15,1156238.2397722586,0.450194622302548,4.108804101003546,0.0008247298476522574
53,chicago,midrise_apartment,102746.57848341212,0,20816.941420292947,185797.22503113994,3135.0,5A,RFCW,WaterCooledChiller,32.77402822437388,11.15,417906.1218674063,0.44459081910767,4.067348305275927,0.001297399778397425
54,chicago,outpatient_healthcare,976166.6299806006,0,197775.9634694942,1567574.766167772,3804.0,5A,RFCW,WaterCooledChiller,256.6158333282336,11.15,3772776.7588526323,0.41549629526569154,3.864890115048912,0.001016006865154814
55,chicago,primary_school,316393.7943632786,0,64102.87505649526,604650.1996021607,6871.0,5A,RFCW,WaterCooledChiller,46.04770693687652,11.15,1319397.256482083,0.4582775935235331,4.170111045121103,0.0006069147205823174
56,chicago,quick_service_restaurant,27837.908348107994,0,5640.09153297112,53627.883979058526,232.0,5A,RFCW,WaterCooledChiller,119.99098425908618,11.15,116514.90457168652,0.46026629963090804,4.185476261890397,0.018040845956424124
57,chicago,secondary_school,3869679.460327919,0,784015.310582453,7202022.540696483,19592.0,5A,RFCW,WaterCooledChiller,197.51324317721105,11.15,15943793.253690835,0.45171324201844404,4.120184479657069,0.0002102993303214102
58,chicago,small_hotel,318329.0703395533,0,64494.97109730623,531472.632969072,4014.0,5A,RFCW,WaterCooledChiller,79.30470113093007,11.15,1250591.5607040366,0.42497698662693084,3.928612486977904,0.000978727575231167
59,chicago,small_office,17186.981580108182,0,3482.163533090544,32345.01935074284,511.0,5A,RFCW,WaterCooledChiller,33.6340148338712,11.15,71171.1427447024,0.4544681749282497,4.140991390080632,0.008103701350451336
60,chicago,stand_alone_retail,88250.34608314835,0,17879.93636235839,170998.17205333864,2294.0,5A,RFCW,WaterCooledChiller,38.47007239893128,11.15,370359.46249363467,0.4617086624491944,4.196691332458761,0.0018294208075234357
61,chicago,strip_mall,80446.3223363658,0,16298.804342418938,156349.71268921642,2090.0,5A,RFCW,WaterCooledChiller,38.491063318835316,11.15,338081.3811071876,0.46246176638649694,4.202570997510445,0.002010799520339926
62,chicago,supermarket,84912.2049619902,0,17203.613226371577,163977.08555134945,4181.0,5A,RFCW,WaterCooledChiller,20.30906600382449,11.15,355797.37302539253,0.46087210863034317,4.1901794116012,0.0010021955062428126
63,chicago,warehouse,18574.371537099592,0,3763.2552822085618,37346.56978514068,4835.0,5A,RFCW,WaterCooledChiller,3.8416487150154275,11.15,79306.86618176615,0.4709121868407306,4.2696931103893485,0.0008830802710215819
64,denver,full_service_restaurant,64939.12165145914,0,13156.972341633204,171198.38613213124,569.52,5B,RMPA,WaterCooledChiller,114.02430406563272,11.15,317898.6277413415,0.5385313782210692,4.895333038958627,0.008595541928217846
65,denver,hospital,10603665.525031984,0,2148352.649140586,18457266.922812916,22422.0,5B,RMPA,WaterCooledChiller,472.91345665114545,11.15,42411398.96073045,0.4351958995717841,3.9996922630773497,0.00017838249322439344
66,denver,large_hotel,2542640.2527970057,0,515150.90795844834,4503766.770506888,11345.0,5B,RMPA,WaterCooledChiller,224.11989888030018,11.15,10247699.394243587,0.4394905234082858,4.030337906815841,0.00035525234965322534
67,denver,large_office,2544008.9002910727,0,515428.20239617745,5937382.917242996,46320.0,5B,RMPA,WaterCooledChiller,54.92247194065356,11.15,11684407.373960376,0.5081458329221662,4.592911358377521,9.915611740884114e-05
68,denver,medium_office,251212.54224308179,0,50896.845939851606,637093.1185265667,4982.0,5B,RMPA,WaterCooledChiller,50.424034974524645,11.15,1204592.950755912,0.5288866401939135,4.795114686552183,0.0009624878937278568
69,denver,midrise_apartment,88891.21466427414,0,18009.779359646644,213321.33927293497,3135.0,5B,RMPA,WaterCooledChiller,28.354454438364957,11.15,414130.37913299503,0.5151067152318916,4.658844866695654,0.0014860749176062692
70,denver,outpatient_healthcare,932065.3335965892,0,188840.83281175388,1896299.7780986947,3804.0,5B,RMPA,WaterCooledChiller,245.02243259636938,11.15,4001875.0639497507,0.4738528184403374,4.293556384623375,0.0011286951589441047
71,denver,primary_school,255303.75812595658,0,51725.745574551416,669247.7252781804,6871.0,5B,RMPA,WaterCooledChiller,37.156710540817436,11.15,1245989.7884344286,0.5371213564431232,4.880420866424173,0.0007102926599365701
72,denver,quick_service_restaurant,25337.530955736234,0,5133.5032798739085,68852.59348538968,232.0,5B,RMPA,WaterCooledChiller,109.21349549886308,11.15,126091.15505598375,0.5460541102571351,4.976457859144229,0.021450249392863056
73,denver,secondary_school,2499227.711466768,0,506355.3223232204,6143002.970545113,19592.0,5B,RMPA,WaterCooledChiller,127.56368474207676,11.15,11788864.81444902,0.5210851992310526,4.717003080735797,0.00024076169256511824
74,denver,small_hotel,284991.0912695219,0,57740.53929417032,611918.5829538006,4014.0,5B,RMPA,WaterCooledChiller,70.99927535364273,11.15,1255725.5960837996,0.48730278721894016,4.406192454964264,0.0010977061422432148
75,denver,small_office,14682.394108257515,0,2974.7222980334404,37260.61926224831,511.0,5B,RMPA,WaterCooledChiller,28.732669487783784,11.15,70428.77288532117,0.529053932586893,4.796818037033305,0.009387119446249129
76,denver,stand_alone_retail,71441.8560141265,0,14474.45699462553,187982.3350779224,2294.0,5B,RMPA,WaterCooledChiller,31.14291892507694,11.15,349372.5305679971,0.5380569982771903,4.890305908330743,0.002131781128304596
77,denver,strip_mall,63755.91860287251,0,12917.249823235972,168244.2659596617,2090.0,5B,RMPA,WaterCooledChiller,30.50522421190072,11.15,312271.60148874274,0.5387754286895243,4.89792333530386,0.002343503988183665
78,denver,supermarket,69289.41325778273,0,14038.361939873212,190171.909205501,4181.0,5B,RMPA,WaterCooledChiller,16.572449954026006,11.15,346699.64483508735,0.5485206346143187,5.003645268942227,0.0011967580169677655
79,denver,warehouse,20141.254034243066,0,4080.7130665646996,57885.28540597671,4835.0,5B,RMPA,WaterCooledChiller,4.165719552066818,11.15,103385.2360981731,0.5598989526029586,5.133008894203069,0.0010616357588837785
80,duluth,full_service_restaurant,17927.122408818872,0,3632.119555971898,33525.35276551448,569.52,7,MROW,WaterCooledChiller,31.477599397420413,11.15,74023.48581460115,0.4529015676116889,4.129133729693665,0.007250199693941679
81,duluth,hospital,10430594.566986347,0,2113287.656725555,13928890.561261488,22422.0,7,MROW,WaterCooledChiller,465.1946555608932,11.15,37492047.93375143,0.37151586346720467,3.5944305660596485,0.00016030820471232043
82,duluth,large_hotel,2448868.7817366277,0,496152.36563449854,3211217.829890512,11345.0,7,MROW,WaterCooledChiller,215.8544540975432,11.15,8743316.70671517,0.36727685129193427,3.570349204466073,0.0003147068492257447
83,duluth,large_office,2216462.574116501,0,449065.7717921349,3772491.21493877,46320.0,7,MROW,WaterCooledChiller,47.85109184189337,11.15,8779574.570421074,0.4296895236414444,3.961075035936792,8.551543687255595e-05
84,duluth,medium_office,139421.06198419782,0,28247.364758220403,246171.26545002125,4982.0,7,MROW,WaterCooledChiller,27.98495824652706,11.15,561129.3825041787,0.43870678158292314,4.024710287802699,0.0008078503187078881
85,duluth,midrise_apartment,49032.53167539685,0,9934.2221866802,83507.29848926871,3135.0,7,MROW,WaterCooledChiller,15.64036098098783,11.15,194273.87587075293,0.42984316915993726,3.9621424640456433,0.0012638412963462977
86,duluth,outpatient_healthcare,7913.029846782806,0,1603.2171699430405,14886.629843796432,3804.0,7,MROW,WaterCooledChiller,2.0801866053582563,11.15,32762.501288661333,0.4543801376040998,4.140323229285121,0.0010884130466049214
87,duluth,primary_school,122007.43036950275,0,24719.280859093873,222764.38370332774,6871.0,7,MROW,WaterCooledChiller,17.756866594309816,11.15,498384.36528222443,0.4469730577867968,4.084868960626858,0.0005945086538534214
88,duluth,quick_service_restaurant,7913.029846782806,0,1603.2171699430405,14886.629843796432,232.0,7,MROW,WaterCooledChiller,34.10788727061554,11.15,32762.501288661333,0.4543801376040998,4.140323229285121,0.01784622081588414
89,duluth,secondary_school,1750390.105499801,0,354637.291350118,3107055.0469733826,19592.0,7,MROW,WaterCooledChiller,89.34208378418748,11.15,7061260.845527198,0.4400142007133866,4.034106924702336,0.0002059058250664728
90,duluth,small_hotel,201343.92396839635,0,40793.22866462816,306513.99709173804,4014.0,7,MROW,WaterCooledChiller,50.16041952376591,11.15,761358.4967023421,0.4025882661313119,3.781383027092725,0.0009420485867196625
91,duluth,small_office,6775.2325370162425,0,1372.6940683937128,12333.52072769806,511.0,7,MROW,WaterCooledChiller,13.258772088094409,11.15,27639.059590287958,0.4462351798695754,4.079425973836756,0.007983221083829267
92,duluth,stand_alone_retail,17937.922604426523,0,3634.3077265427332,33114.53281423373,2294.0,7,MROW,WaterCooledChiller,7.819495468363785,11.15,73637.06396518521,0.44969925511818226,4.105105456693957,0.0017894967117236082
93,duluth,strip_mall,18636.69097990823,0,3775.881495260532,34359.64780663998,2090.0,7,MROW,WaterCooledChiller,8.917077023879537,11.15,76460.72647879491,0.44937642354430213,4.102698626125496,0.0019630136967107633
94,duluth,supermarket,30070.773701163613,0,6092.480585142475,54128.1537030634,4181.0,7,MROW,WaterCooledChiller,7.192244367654536,11.15,122059.312227402,0.4434577969947939,4.059067898963931,0.0009708366177861589
95,duluth,warehouse,4273.803721536652,0,865.8927920156623,8481.876685298688,4835.0,7,MROW,WaterCooledChiller,0.8839304491285733,11.15,18136.581316273325,0.46766678556383695,4.243662671001721,0.0008776965193385153
96,helena,full_service_restaurant,31112.259358516207,0,6303.4904916444475,77625.14912476546,569.52,6B,NWPP,WaterCooledChiller,54.628914451671946,11.15,147909.06810660107,0.5248167006827428,4.754044584232828,0.008347458533910711
97,helena,hospital,9878216.915685952,0,2001373.3392005695,15312434.238230526,22422.0,6B,NWPP,WaterCooledChiller,440.5591345859402,11.15,37627746.97031688,0.40694528562419463,3.809163869500225,0.0001698851070154413
98,helena,large_hotel,2313862.8035671627,0,468799.5176815409,3589807.0864982656,11345.0,6B,NWPP,WaterCooledChiller,203.95441194950752,11.15,8816921.708647447,0.407149706566801,3.810477308790674,0.00033587283462235997
99,helena,large_office,1762237.745246437,0,357037.67904394545,3871171.526334079,46320.0,6B,NWPP,WaterCooledChiller,38.04485633088163,11.15,7852141.647674071,0.4930083663838109,4.455778835094695,9.619557070584403e-05
100,helena,medium_office,141310.74495293183,0,28630.223440657268,334472.17828386556,4982.0,6B,NWPP,WaterCooledChiller,28.364260327766324,11.15,653699.1696471941,0.51166070543486,4.625969312276501,0.0009285365941944
101,helena,midrise_apartment,51683.81207959626,0,10471.384101730242,116467.19074527368,3135.0,6B,NWPP,WaterCooledChiller,16.48606445920136,11.15,233223.1234795659,0.4993809747834806,4.512498480576237,0.0014393934547292622
102,helena,outpatient_healthcare,700573.9573911512,0,141939.58812894975,1264059.4701851238,3804.0,6B,NWPP,WaterCooledChiller,184.16770699031315,11.15,2846685.8778229137,0.44404599749932727,4.063362401342482,0.0010681814935180026
103,helena,primary_school,125032.08652524359,0,25332.090462488595,305151.4707049818,6871.0,6B,NWPP,WaterCooledChiller,18.197072700515733,11.15,587604.2793617297,0.5193145819775936,4.699627877065734,0.0006839801887739389
104,helena,quick_service_restaurant,11639.12792802128,0,2358.142215898993,29844.738481135602,232.0,6B,NWPP,WaterCooledChiller,50.16865486216069,11.15,56138.02418840938,0.531631437205044,4.8232156683540435,0.020789722708422602
105,helena,secondary_school,1390130.1998339577,0,281646.9352426706,3197719.3948094775,19592.0,6B,NWPP,WaterCooledChiller,70.95397100009993,11.15,6338082.722765255,0.5045247174392098,4.559344673989745,0.00023271461177979509
106,helena,small_hotel,196149.2408074083,0,39740.76135471459,384013.5267518138,4014.0,6B,NWPP,WaterCooledChiller,48.866278228053886,11.15,827123.0158568815,0.4642761951848047,4.21680457417117,0.0010505243084631714
107,helena,small_office,8098.410697059278,0,1640.776204585468,19220.354089786368,511.0,6B,NWPP,WaterCooledChiller,15.848161833775496,11.15,37515.00877091433,0.5123377208081064,4.632391486953966,0.00906534537564377
108,helena,stand_alone_retail,31493.993898466186,0,6380.831709946186,78699.20622733269,2294.0,6B,NWPP,WaterCooledChiller,13.72885523036887,11.15,149845.47979323266,0.5252024040760348,4.757906548033287,0.0020740656268671697
109,helena,strip_mall,29103.873397231015,0,5896.582023036324,72940.326666085,2090.0,6B,NWPP,WaterCooledChiller,13.925298276187089,11.15,138687.21622294,0.5259340309263492,4.765249433641878,0.0022800236524602286
110,helena,supermarket,36598.029982774366,0,7414.933494574061,94696.94337955503,4181.0,6B,NWPP,WaterCooledChiller,8.7534154467291,11.15,177373.45184405582,0.5338845379341843,4.846530043489783,0.001159179632501742
111,helena,warehouse,7519.8340709846725,0,1523.5538511998514,20728.61678654082,4835.0,6B,NWPP,WaterCooledChiller,1.5552914314342652,11.15,37716.24222741916,0.5495939033786196,5.015568411668487,0.0010373461037577016
112,houston,full_service_restaurant,234795.52030166617,0,47520.49981914175,439912.5564633682,569.52,2A,ERCT,WaterCooledChiller,412.26913945369114,11.15,969766.1294467987,0.45362747069163517,4.130258227247435,0.007252174159375325
113,houston,hospital,18556071.28920018,0,3755581.798193969,29302961.80988734,22422.0,2A,ERCT,WaterCooledChiller,827.5832347337516,11.15,71177698.85975009,0.4116874003980721,3.8358172778295065,0.00017107382382613087
114,houston,large_hotel,3829362.368251737,0,775028.473686953,6305615.856243538,11345.0,2A,ERCT,WaterCooledChiller,337.537449823864,11.15,14947183.337853063,0.4218598055377331,3.903308671379949,0.00034405541396033044
115,houston,large_office,8672765.267591411,0,1755289.6230751069,15158879.582233837,46320.0,2A,ERCT,WaterCooledChiller,187.23586501708573,11.15,34730358.87952128,0.4364734506435594,4.00453117407691,8.645360911219582e-05
116,houston,medium_office,729910.741203094,0,147727.36379623777,1356596.18999264,4982.0,2A,ERCT,WaterCooledChiller,146.50958273847732,11.15,3003756.296320691,0.45163324057092724,4.115237832189828,0.0008260212429124504
117,houston,midrise_apartment,286310.58942129154,0,57946.686100877356,524612.1927521543,3135.0,2A,ERCT,WaterCooledChiller,91.32714176117753,11.15,1170717.7427769369,0.4481115930709111,4.088978144829582,0.001304299248749468
118,houston,outpatient_healthcare,1850098.4989864696,0,374443.2827062642,3159993.507817786,3804.0,2A,ERCT,WaterCooledChiller,486.356072288767,11.15,7335036.109992632,0.4308081733248564,3.964673293887298,0.0010422379847232644
119,houston,primary_school,978606.1960831732,0,198061.08525508936,1884287.3678230823,6871.0,2A,ERCT,WaterCooledChiller,142.4255852253199,11.15,4092668.468417329,0.460405572150278,4.182140359215023,0.0006086654576066108
120,houston,quick_service_restaurant,96539.23317992153,0,19538.6718067379,183253.45657550596,232.0,2A,ERCT,WaterCooledChiller,416.1173843962135,11.15,401109.6472206336,0.45686624055368563,4.154887438074838,0.017908997577908786
121,houston,secondary_school,9826665.830957823,0,1988828.7103724708,18132713.46954566,19592.0,2A,ERCT,WaterCooledChiller,501.56522207828823,11.15,40308153.59019871,0.44985224711346716,4.10191557173058,0.00020936686258322683
122,houston,small_hotel,672384.7755477133,0,136084.6261621889,1180924.0370304862,4014.0,2A,ERCT,WaterCooledChiller,167.50990920471182,11.15,2698267.6187388925,0.43766008561538555,4.012981430968495,0.0009997462458815384
123,houston,small_office,53903.80669190545,0,10909.64526436736,102150.34898568528,511.0,2A,ERCT,WaterCooledChiller,105.48690154971712,11.15,223792.89368338135,0.4564503693768131,4.151708523342333,0.00812467421397717
124,houston,stand_alone_retail,347604.700222829,0,70352.0623939034,674551.7072146306,2294.0,2A,ERCT,WaterCooledChiller,151.52776818780688,11.15,1458977.2029066535,0.46234561161802396,4.197230940696109,0.0018296560334333516
125,houston,strip_mall,283609.45215008274,0,57400.00023121928,557084.148798749,2090.0,2A,ERCT,WaterCooledChiller,135.6983024641544,11.15,1197094.151376844,0.46536368769157865,4.220924734001305,0.0020195812124408157
126,houston,supermarket,343831.0932244791,0,69588.31830520721,672039.7544439874,4181.0,2A,ERCT,WaterCooledChiller,82.23656857796678,11.15,1447949.5035470477,0.46413203830498845,4.21122327817431,0.001007228719965154
127,houston,warehouse,83300.38506025884,0,16859.248115571347,175686.2925346329,4835.0,2A,ERCT,WaterCooledChiller,17.228621522287245,11.15,363666.9090232534,0.4830967244352696,4.365729027064877,0.0009029429218334803
128,las_vegas,full_service_restaurant,184634.0328775405,0,37407.72591492861,550825.4357366322,569.52,3B,NWPP,WaterCooledChiller,324.19236001815653,11.15,967921.5796880862,0.5690806438204801,5.242379016495108,0.009204907670485863
129,las_vegas,hospital,13887915.13610575,0,2813757.1109970165,30178346.160500392,22422.0,3B,NWPP,WaterCooledChiller,619.3878840471747,11.15,61551737.94811713,0.4902923486244721,4.432035863186919,0.00019766460900842562
130,las_vegas,large_hotel,3394095.8894219236,0,687659.8359560942,7707729.239618319,11345.0,3B,NWPP,WaterCooledChiller,299.1710788384243,11.15,15375136.41052877,0.5013112751533136,4.529965243011279,0.0003992917799040352
131,las_vegas,large_office,4798931.815992812,0,972286.2207974221,12937077.588236142,46320.0,3B,NWPP,WaterCooledChiller,103.60388203784136,11.15,23778068.9501274,0.5440760397898848,4.954867012464137,0.00010697035864559882
132,las_vegas,medium_office,563422.4861275083,0,114152.05315557681,1641901.9223910025,4982.0,3B,NWPP,WaterCooledChiller,113.09162708300047,11.15,2914697.3150756843,0.5633181579090891,5.173200194952919,0.0010383782005124287
133,las_vegas,midrise_apartment,235897.69653576487,0,47793.985964796135,669951.6023439501,3135.0,3B,NWPP,WaterCooledChiller,75.24647417408768,11.15,1202854.5458514271,0.5569680928210088,5.099051680095826,0.0016264917639859093
134,las_vegas,outpatient_healthcare,1452956.351084027,0,294375.80981484405,3701670.2382367714,3804.0,3B,NWPP,WaterCooledChiller,381.95487673081675,11.15,6983960.517672283,0.5300245081383305,4.806724243616585,0.0012635973300779665
135,las_vegas,primary_school,704862.1573835402,0,142808.39767334206,2088406.339998006,6871.0,3B,NWPP,WaterCooledChiller,102.58509058121673,11.15,3680719.97405577,0.5673907155987201,5.221900389316774,0.0007599913243074915
136,las_vegas,quick_service_restaurant,80058.85992826993,0,16220.302631014503,240722.6597822901,232.0,3B,NWPP,WaterCooledChiller,345.0812927942669,11.15,421579.0341181018,0.5710024462811727,5.265863572074628,0.0226976878106665
137,las_vegas,secondary_school,6715688.039868019,0,1360630.0724209866,18865228.426722087,19592.0,3B,NWPP,WaterCooledChiller,342.77705389281437,11.15,34036253.73421609,0.5542686505406199,5.068170756616174,0.0002586857266545618
138,las_vegas,small_hotel,516329.3981468685,0,104610.77140912923,1372931.4657092018,4014.0,3B,NWPP,WaterCooledChiller,128.63213705701756,11.15,2539341.566920993,0.540664353151164,4.918065049239525,0.0012252279644343609
139,las_vegas,small_office,35231.41060446147,0,7138.0499626638875,103800.27697854051,511.0,3B,NWPP,WaterCooledChiller,68.9460090106878,11.15,183389.53406224286,0.5660098189862375,5.205285025942721,0.010186467761140353
140,las_vegas,stand_alone_retail,216866.4138548047,0,43938.15832975204,659765.8616079673,2294.0,3B,NWPP,WaterCooledChiller,94.53636175013283,11.15,1149676.3269847026,0.5738709636114356,5.301311099995539,0.0023109464254557712
141,las_vegas,strip_mall,203721.03072605998,0,41274.84170570933,621793.2633708392,2090.0,3B,NWPP,WaterCooledChiller,97.47417738088994,11.15,1082007.7483894983,0.5746661835798681,5.311222628970765,0.0025412548463974952
142,las_vegas,supermarket,251168.3699391733,0,50887.89642273441,776920.8583961782,4181.0,3B,NWPP,WaterCooledChiller,60.07375506796779,11.15,1344320.903509667,0.5779281244291025,5.352269889059788,0.0012801410880315207
143,las_vegas,warehouse,76466.8579176109,0,15492.546081442053,241764.14315123955,4835.0,3B,NWPP,WaterCooledChiller,15.815275680995017,11.15,414506.03195931844,0.5832584438119043,5.420727923801018,0.001121143314126374
144,los_angeles,full_service_restaurant,38089.07487112025,0,7717.026221688429,65058.21788678326,569.52,3B-CA,CAMX,WaterCooledChiller,66.87925774532984,11.15,151103.06025860924,0.4305552632450838,3.96709714714489,0.006965685396728631
145,los_angeles,hospital,14675155.111352984,0,2973255.6431167806,21981421.75649094,22422.0,3B-CA,CAMX,WaterCooledChiller,654.4980426078398,11.15,55133222.17724304,0.39869648260035956,3.7569089906648356,0.00016755458882636854
146,los_angeles,large_hotel,3375500.7776277964,0,683892.3785999842,5143406.991494008,11345.0,3B-CA,CAMX,WaterCooledChiller,297.53202094559686,11.15,12768807.012883833,0.40281030062591344,3.7827889412774414,0.000333432255731815
147,los_angeles,large_office,5201055.2692618435,0,1053758.3291049348,8346071.305093681,46320.0,3B-CA,CAMX,WaterCooledChiller,112.28530374054067,11.15,20095476.674613707,0.4153208923696316,3.863730653542112,8.34138742129126e-05
148,los_angeles,medium_office,299648.52896584,0,60710.20530543374,490840.7070828476,4982.0,3B-CA,CAMX,WaterCooledChiller,60.146232229193096,11.15,1167759.4962384338,0.42032688123191037,3.89709737694577,0.0007822355232729366
149,los_angeles,midrise_apartment,108282.11874416638,0,21938.467986322357,171895.65053802784,3135.0,3B-CA,CAMX,WaterCooledChiller,34.53975079558736,11.15,416509.5685855221,0.4127051657463481,3.8465221535754375,0.0012269608145376197
150,los_angeles,outpatient_healthcare,1193160.9061363568,0,241740.02730450037,1846552.2456861502,3804.0,3B-CA,CAMX,WaterCooledChiller,313.6595441998835,11.15,4541953.550131329,0.40655463013987836,3.8066563585618067,0.0010006983066671417
151,los_angeles,primary_school,306507.75873932877,0,62099.91761012248,508786.29707831383,6871.0,3B-CA,CAMX,WaterCooledChiller,44.60890099539059,11.15,1201200.3784311796,0.4235648824410221,3.918988489465114,0.0005703665389994344
152,los_angeles,quick_service_restaurant,10498.060752268371,0,2126.9566240780214,18618.318538423915,232.0,3B-CA,CAMX,WaterCooledChiller,45.25026186322574,11.15,42333.884896893855,0.4397970699776242,4.032543333086213,0.0173816522977854
153,los_angeles,secondary_school,3890804.18388832,0,788295.2792136967,6357954.03155448,19592.0,3B-CA,CAMX,WaterCooledChiller,198.5914752903389,11.15,15147446.3947872,0.41973768157664443,3.893140255557509,0.0001987107112881538
154,los_angeles,small_hotel,372311.7496972682,0,75432.11655253347,578897.0224547785,4014.0,3B-CA,CAMX,WaterCooledChiller,92.75330087126761,11.15,1419965.1220155268,0.407683972992999,3.8139143424028923,0.0009501530499259821
155,los_angeles,small_office,15527.703098261163,0,3145.9858864340363,25805.232827653326,511.0,3B-CA,CAMX,WaterCooledChiller,30.386894517145134,11.15,60882.97546139284,0.42384973191753683,3.9209260427069017,0.007673045093359886
156,los_angeles,stand_alone_retail,48992.813580872746,0,9926.175113393303,82054.82645210308,2294.0,3B-CA,CAMX,WaterCooledChiller,21.356937044844265,11.15,192731.6789664384,0.42574644133304007,3.9338765194265686,0.0017148546292182077
157,los_angeles,strip_mall,46946.748953050395,0,9511.632769227663,78985.55649339166,2090.0,3B-CA,CAMX,WaterCooledChiller,22.462559307679616,11.15,185040.26187028008,0.4268560565957445,3.941492563315334,0.0018858816092417866
158,los_angeles,supermarket,29681.180776676327,0,6013.547221068255,52012.83719670658,4181.0,3B-CA,CAMX,WaterCooledChiller,7.0990626110204085,11.15,119063.88871161762,0.4368481305249981,4.011426957959126,0.0009594419894664258
159,los_angeles,warehouse,2946.9747711806117,0,597.0709884869964,5040.324230319195,4835.0,3B-CA,CAMX,WaterCooledChiller,0.6095087427467656,11.15,11697.665751949204,0.4308829075133486,3.969381029774784,0.0008209681550723441
160,miami,full_service_restaurant,333075.1009053597,0,67482.58644179034,593195.3873069079,569.52,1A,FRCC,WaterCooledChiller,584.8347747319843,11.15,1345626.2261328702,0.440832213126273,4.040008461981125,0.007093707792493898
161,miami,hospital,18181533.961485554,0,3683664.536512182,30518025.408231072,22422.0,1A,FRCC,WaterCooledChiller,810.879224042706,11.15,71590884.9903419,0.4262836730171468,3.937560226876063,0.00017561146315565353
162,miami,large_hotel,4501829.695100983,0,912091.9297782952,7616997.42177492,11345.0,1A,FRCC,WaterCooledChiller,396.81178449545905,11.15,17786822.438802913,0.428238233556435,3.9510207278962666,0.00034826097204903185
163,miami,large_office,10589690.60717502,0,2145521.264867982,18614813.24568554,46320.0,1A,FRCC,WaterCooledChiller,228.62026354004794,11.15,42537375.348963544,0.4376107621350715,4.016866679763282,8.671991968400868e-05
164,miami,medium_office,920468.298026496,0,186491.21870610767,1654362.6783115,4982.0,1A,FRCC,WaterCooledChiller,184.75879125381292,11.15,3733739.7668846007,0.4430846233538888,4.056348029464806,0.0008142007285156175
165,miami,midrise_apartment,405308.6893941922,0,82117.45217011514,712848.2972495392,3135.0,1A,FRCC,WaterCooledChiller,129.28506838730215,11.15,1628457.888946323,0.4377443850947723,4.017821308939491,0.001281601693441624
166,miami,outpatient_healthcare,2215771.0834806184,0,448925.67252778524,3822555.254624087,3804.0,1A,FRCC,WaterCooledChiller,582.4845119559985,11.15,8828076.503308892,0.4329997880275887,3.9842006103994327,0.001047371348685445
167,miami,primary_school,1356672.9030103134,0,274868.32909987145,2466014.5202296968,6871.0,1A,FRCC,WaterCooledChiller,197.4491199258206,11.15,5530796.389693264,0.44586969876981153,4.076735355604887,0.0005933248952997944
168,miami,quick_service_restaurant,134955.77569957165,0,27342.676695766877,242107.4002331901,232.0,1A,FRCC,WaterCooledChiller,581.705929739533,11.15,546978.2453909907,0.44262711044408537,4.053018424410618,0.017469907001769907
169,miami,secondary_school,13001265.61455965,0,2634117.7359171226,23210193.186227147,19592.0,1A,FRCC,WaterCooledChiller,663.6007357370177,11.15,52580605.941703066,0.44142118126140745,4.0442682659155835,0.00020642447253550346
170,miami,small_hotel,882641.2277602147,0,178827.27585314433,1529721.5612397434,4014.0,1A,FRCC,WaterCooledChiller,219.8906895267102,11.15,3523645.6870023026,0.4341303573405347,3.992160774025802,0.000994559236179821
171,miami,small_office,77860.89656315124,0,15774.98488621968,140180.4759308774,511.0,1A,FRCC,WaterCooledChiller,152.36966059325096,11.15,316071.5574122268,0.44350866961449253,4.059438965692723,0.007944107564956405
172,miami,stand_alone_retail,494478.4787146058,0,100183.67206903432,898850.09968597,2294.0,1A,FRCC,WaterCooledChiller,215.55295497585257,11.15,2015898.0432557026,0.4458807342430448,4.076816545173045,0.0017771650153326265
173,miami,strip_mall,395947.9090670562,0,80220.91392432146,725080.5572293277,2090.0,1A,FRCC,WaterCooledChiller,189.44876031916564,11.15,1619543.747485512,0.44770668180781215,4.090294986786335,0.0019570789410460936
174,miami,supermarket,431613.59909479733,0,87446.95094648599,787651.1944831623,4181.0,1A,FRCC,WaterCooledChiller,103.23214520325217,11.15,1762684.697536481,0.4468474682874251,4.083941519065377,0.0009767858213502456
175,miami,warehouse,417101.76681913476,0,84506.78528021641,796725.5422036935,4835.0,1A,FRCC,WaterCooledChiller,86.26716997293377,11.15,1738976.1980781066,0.4581578189996068,4.169189239690198,0.0008622935345791515
176,minneapolis,full_service_restaurant,58445.38786568652,0,11841.311247972244,113071.37853670052,569.52,6A,MROW,WaterCooledChiller,102.6221868690942,11.15,245101.99895159103,0.4613237714109085,4.193692742956219,0.007363556579147736
177,minneapolis,hospital,12220318.45247957,0,2475894.1574259903,17941332.986285474,22422.0,6A,MROW,WaterCooledChiller,545.014648670037,11.15,45547552.84158526,0.39390333545878015,3.727198519310552,0.00016622952989521684
178,minneapolis,large_hotel,2759755.958306853,0,559139.5739533331,4111796.655763804,11345.0,6A,MROW,WaterCooledChiller,243.25746657618802,11.15,10346202.90534347,0.3974208406100559,3.7489557271183505,0.0003304500420553857
179,minneapolis,large_office,3170163.0869383183,0,642289.993960469,5875348.303682932,46320.0,6A,MROW,WaterCooledChiller,68.4404811515181,11.15,13036881.736342162,0.4506712895388598,4.112369420379861,8.878172323790719e-05
180,minneapolis,medium_office,234904.38351073337,0,47592.736060816176,446035.5019272472,4982.0,6A,MROW,WaterCooledChiller,47.15061893029574,11.15,976694.5090053475,0.4566786214263493,4.15783858269601,0.0008345721763741489
181,minneapolis,midrise_apartment,91041.63081959124,0,18445.463815472307,168382.134323348,3135.0,6A,MROW,WaterCooledChiller,29.040392605930222,11.15,374049.05586586427,0.450160564992124,4.108549599765876,0.001310542137086404
182,minneapolis,outpatient_healthcare,859087.7428124285,0,174055.22870919845,1393829.6974739977,3804.0,6A,MROW,WaterCooledChiller,225.8379975847604,11.15,3334545.49758156,0.41799690497097675,3.8814958372763306,0.0010203721969706443
183,minneapolis,primary_school,252154.34036805455,0,51087.6586821022,493339.1059856462,6871.0,6A,MROW,WaterCooledChiller,36.69834672799513,11.15,1062966.5002910858,0.464115384492878,4.215539176282024,0.0006135262954856679
184,minneapolis,quick_service_restaurant,23566.730710415573,0,4774.730797928621,46017.92320506118,232.0,6A,MROW,WaterCooledChiller,101.58073582075679,11.15,99256.1716019653,0.4636278274926938,4.21170729286171,0.018153910745093576
185,minneapolis,secondary_school,3210837.3087884746,0,650530.7831533408,6119815.8600516375,19592.0,6A,MROW,WaterCooledChiller,163.885121926729,11.15,13373234.092211388,0.4576167453477717,4.165030117099713,0.00021258830732440347
186,minneapolis,small_hotel,282436.0612098215,0,57222.878152894365,479850.5257917465,4014.0,6A,MROW,WaterCooledChiller,70.36274569253152,11.15,1117885.6171965187,0.4292483223776831,3.9580130540272704,0.0009860520812225387
187,minneapolis,small_office,14392.478470317683,0,2915.984022356522,27638.689965989044,511.0,6A,MROW,WaterCooledChiller,28.165319902774332,11.15,60151.91181526426,0.4594814883169748,4.179399117345808,0.008178863243338176
188,minneapolis,stand_alone_retail,72166.95675186455,0,14621.36582413705,140890.99132510164,2294.0,6A,MROW,WaterCooledChiller,31.459004686950543,11.15,303919.22026422975,0.46358039219306335,4.211334853833607,0.0018358042082971262
189,minneapolis,strip_mall,66433.46329682377,0,13459.73300726919,129892.11638639754,2090.0,6A,MROW,WaterCooledChiller,31.786346075035297,11.15,279968.139417449,0.46395320787813193,4.214263799051922,0.0020163941622258
190,minneapolis,supermarket,71679.7319896904,0,14522.6517892523,140903.5230659301,4181.0,6A,MROW,WaterCooledChiller,17.144159767924037,11.15,302831.09051609325,0.46528750672792,4.224779893982431,0.001010471153786757
191,minneapolis,warehouse,14570.77077760158,0,2952.1068847544802,29683.908441097716,4835.0,6A,MROW,WaterCooledChiller,3.013603056380885,11.15,62599.90020611017,0.4741845968342353,4.2962655278566135,0.0008885761174470762
192,phoenix,full_service_restaurant,266638.07857127185,0,54022.13235678422,772869.1885694755,569.52,2B,AZNM,WaterCooledChiller,468.1803599017978,11.15,1375215.9643476196,0.5619984123265412,5.157612790027764,0.009056069655196945
193,phoenix,hospital,16674461.267935596,0,3378324.5004659244,37323541.461184464,22422.0,2B,AZNM,WaterCooledChiller,743.6652068475424,11.15,74991859.64137952,0.49770123903674773,4.497408248240453,0.0002005801555722261
194,phoenix,large_hotel,3981322.8122200817,0,806634.7802583079,9386394.89483183,11345.0,2B,AZNM,WaterCooledChiller,350.93193585016144,11.15,18380372.694711965,0.5106748949400954,4.616649681933886,0.00040693254137804194
195,phoenix,large_office,8387812.171068958,0,1699410.3082250205,21791157.812908996,46320.0,2B,AZNM,WaterCooledChiller,181.0840278728186,11.15,40739582.74961798,0.5348890769656529,4.856997500508652,0.00010485745899198299
196,phoenix,medium_office,838239.4245932477,0,169831.26110379325,2365247.284254462,4982.0,2B,AZNM,WaterCooledChiller,168.2535978709851,11.15,4258865.845561757,0.5553702253193371,5.080727201095742,0.0010198167806294144
197,phoenix,midrise_apartment,365488.4260348538,0,74049.67899530522,1021589.2441586606,3135.0,2B,AZNM,WaterCooledChiller,116.58322999516868,11.15,1847243.164956314,0.5530345238456035,5.054176913334478,0.0016121776438068512
198,phoenix,outpatient_healthcare,1924976.0250693748,0,390009.2221154305,4907766.469436773,3804.0,2B,AZNM,WaterCooledChiller,506.03996452927834,11.15,9256369.296023823,0.5302042639488205,4.80856341870036,0.00126408081459
199,phoenix,primary_school,1117634.0042763494,0,226437.9207537721,3231496.6866817595,6871.0,2B,AZNM,WaterCooledChiller,162.6595843801993,11.15,5756279.503086319,0.5613863407690927,5.150415503699192,0.0007495874696112927
200,phoenix,quick_service_restaurant,119619.07263903387,0,24235.38831785566,348559.99969713436,232.0,2B,AZNM,WaterCooledChiller,515.5994510303184,11.15,618784.5794412249,0.5632978119976603,5.17295917607126,0.022297237827893363
201,phoenix,secondary_school,11281158.855991058,0,2285615.9934911677,30769777.080895316,19592.0,2B,AZNM,WaterCooledChiller,575.8043515716138,11.15,56254395.408321835,0.5469755182249008,4.986579492978858,0.0002545212072774019
202,phoenix,small_hotel,733770.7055353516,0,148665.40588037542,1939545.5623924623,4014.0,2B,AZNM,WaterCooledChiller,182.8028663516073,11.15,3597164.8379586483,0.5391872904810037,4.90230096516894,0.001221300688881151
203,phoenix,small_office,71996.84106732268,0,14586.899584072808,203446.47399778428,511.0,2B,AZNM,WaterCooledChiller,140.89401383037705,11.15,366090.4043601961,0.5557274147989234,5.084812040820971,0.009950708494757281
204,phoenix,stand_alone_retail,401983.2397528322,0,81443.70038779645,1178912.6180163347,2294.0,2B,AZNM,WaterCooledChiller,175.23244976147873,11.15,2087009.877340265,0.5648811875863131,5.191783315701189,0.0022632010966439358
205,phoenix,strip_mall,314040.56571715436,0,63626.09983343659,927695.4148102602,2090.0,2B,AZNM,WaterCooledChiller,150.25864388380592,11.15,1637126.4279530782,0.5666608265374902,5.213104950994077,0.002494308588992381
206,phoenix,supermarket,476932.2068895614,0,96628.71463767346,1435644.9518045017,4181.0,2B,AZNM,WaterCooledChiller,114.07132429790992,11.15,2513055.120014561,0.5712747565187442,5.26920825163834,0.0012602746356465775
207,phoenix,warehouse,157690.34950958707,0,31948.808580682333,480250.2720247431,4835.0,2B,AZNM,WaterCooledChiller,32.61434322845648,11.15,836479.487699351,0.5741327541044922,5.304569939129317,0.001097118911919197
208,san_francisco,full_service_restaurant,11326.412683080798,0,2294.784632305987,21949.95042177473,569.52,3C,CAMX,WaterCooledChiller,19.887646936158166,11.15,47536.79907198649,0.46174649640450594,4.196986318801199,0.0073693396523409165
209,san_francisco,hospital,13677543.281808356,0,2771134.7810661243,19145619.269591164,22422.0,3C,CAMX,WaterCooledChiller,610.0054982520898,11.15,50043772.078478456,0.3825774611787272,3.658827542884733,0.00016318024899138049
210,san_francisco,large_hotel,2900597.843419503,0,587674.8041789014,4163326.1711781756,11345.0,3C,CAMX,WaterCooledChiller,255.6719121568535,11.15,10715900.237772927,0.3885185638909452,3.694376406603128,0.00032563917202319334
211,san_francisco,large_office,3282700.888418669,0,665090.6833417086,5350406.5477976445,46320.0,3C,CAMX,WaterCooledChiller,70.87005372233742,11.15,12766167.667057697,0.41910827801549533,3.8889219886272888,8.395772859730762e-05
212,san_francisco,medium_office,170053.08318796114,0,34453.556734597056,287988.1402663367,4982.0,3C,CAMX,WaterCooledChiller,34.13349722761163,11.15,672145.2978570939,0.4284611395549276,3.9525616663719405,0.000793368459729414
213,san_francisco,midrise_apartment,68170.2860357162,0,13811.621486152162,111081.37861254442,3135.0,3C,CAMX,WaterCooledChiller,21.744907826384754,11.15,265080.958183141,0.4190469936954118,3.888511749008331,0.0012403546248830402
214,san_francisco,outpatient_healthcare,935618.1339681877,0,189560.6469243527,1383796.6062191455,3804.0,3C,CAMX,WaterCooledChiller,245.9563969422155,11.15,3497397.8194256783,0.39566462772210004,3.738061173090297,0.0009826659235253146
215,san_francisco,primary_school,185266.11317057564,0,37535.78836359845,319739.2912966819,6871.0,3C,CAMX,WaterCooledChiller,26.963486125829668,11.15,738263.3315508047,0.4330965356562323,3.9848805532562834,0.0005799564187536434
216,san_francisco,quick_service_restaurant,3472.5962586700903,0,703.5643810244657,7070.089536987616,232.0,3C,CAMX,WaterCooledChiller,14.968087321853837,11.15,14914.83238541041,0.47403077381570385,4.295009057897904,0.018512970077146137
217,san_francisco,secondary_school,2586770.5593144875,0,524091.91620606,4403975.058649108,19592.0,3C,CAMX,WaterCooledChiller,132.03198036517392,11.15,10247599.924346678,0.42975673242140916,3.961541887604583,0.00020220201549635478
218,san_francisco,small_hotel,271737.0067503561,0,55055.19925572174,411087.4047051064,4014.0,3C,CAMX,WaterCooledChiller,67.69731109874343,11.15,1024952.8764064038,0.4010793219551942,3.7718560628292512,0.0009396751526729575
219,san_francisco,small_office,7105.732828875942,0,1439.654986378385,12544.900202481764,511.0,3C,CAMX,WaterCooledChiller,13.905543696430415,11.15,28597.053300600757,0.4386780718493896,4.024504437373356,0.007875742538891107
220,san_francisco,stand_alone_retail,12249.044525333578,0,2481.7141952770216,22129.770139166205,2294.0,3C,CAMX,WaterCooledChiller,5.339600926474969,11.15,49800.88341650499,0.44436501164218234,4.065695353911595,0.0017723170679649499
221,san_francisco,strip_mall,12205.814893220579,0,2472.9556679119196,22673.071185411056,2090.0,3C,CAMX,WaterCooledChiller,5.840102819722765,11.15,50246.52688262896,0.4512365847369543,4.116605677064394,0.001969667788069088
222,san_francisco,supermarket,8628.03831147981,0,1748.0812573346639,17480.483771393734,4181.0,3C,CAMX,WaterCooledChiller,2.0636303065007917,11.15,36971.589790675236,0.4728085503048225,4.285051648586639,0.0010248867851199806
223,san_francisco,warehouse,1529.0296860804071,0,309.7886262963328,3038.066317313721,4835.0,3C,CAMX,WaterCooledChiller,0.31624192059574086,11.15,6492.209500517832,0.4679556808928299,4.245966942054796,0.0008781731007352215
224,seattle,full_service_restaurant,15625.237092130605,0,3165.7467336256045,31490.126484436143,569.52,4C,NWPP,WaterCooledChiller,27.435800484847952,11.15,66788.20256436164,0.4714923485789294,4.274380105118432,0.007505232661045147
225,seattle,hospital,13382720.384986538,0,2711402.2715938897,18146018.664871532,22422.0,4C,NWPP,WaterCooledChiller,596.8566758088724,11.15,48378153.9931434,0.3750870417139801,3.614971590336494,0.0001612243149735302
226,seattle,large_hotel,2635595.468856204,0,533984.0731691793,3707311.2292789877,11345.0,4C,NWPP,WaterCooledChiller,232.31339522751907,11.15,9661233.645115336,0.3837306254521008,3.6656739470371456,0.0003231092064378268
227,seattle,large_office,2131356.6276067356,0,431822.9056143744,3750907.488283197,46320.0,4C,NWPP,WaterCooledChiller,46.0137441193164,11.15,8565732.885883471,0.4378968546246382,4.018911136191125,8.676405734436798e-05
228,seattle,medium_office,123303.73380321776,0,24981.91804897295,227794.25688853077,4982.0,4C,NWPP,WaterCooledChiller,24.749846206988714,11.15,506342.6431345792,0.44988163643168816,4.106466426577632,0.0008242606235603436
229,seattle,midrise_apartment,43240.359102575974,0,8760.7007037813,76479.60076698841,3135.0,4C,NWPP,WaterCooledChiller,13.79277802315023,11.15,174161.4136141499,0.43913056962449204,4.02775132373437,0.0012847691622757161
230,seattle,outpatient_healthcare,806348.7142857026,0,163370.05277819445,1188716.182513663,3804.0,4C,NWPP,WaterCooledChiller,211.97389965449594,11.15,3010292.270990531,0.3948839765391014,3.7332387559607803,0.0009813982008309097
231,seattle,primary_school,101668.41028054242,0,20598.49945705044,192500.12318910268,6871.0,4C,NWPP,WaterCooledChiller,14.796741417630974,11.15,422173.3921352151,0.45597407789131367,4.152453952710342,0.0006043449210755847
232,seattle,quick_service_restaurant,5063.349115665304,0,1025.8584128746743,10500.353962363444,232.0,4C,NWPP,WaterCooledChiller,21.82478067097114,11.15,21938.675265916063,0.47862297222097083,4.332838752524653,0.018676029105709712
233,seattle,secondary_school,1407931.6389288323,0,285253.5907664334,2592000.2728457055,19592.0,4C,NWPP,WaterCooledChiller,71.8625785488379,11.15,5772577.809891438,0.4490195469352109,4.100041259306645,0.00020927119535048207
234,seattle,small_hotel,209813.83973616484,0,42509.27354879858,326157.75475597236,4014.0,4C,NWPP,WaterCooledChiller,52.27051313805801,11.15,800136.1548250765,0.4076278178271748,3.813552794378225,0.0009500629781709579
235,seattle,small_office,5982.7171709288405,0,1212.1267172075409,11388.922311761951,511.0,4C,NWPP,WaterCooledChiller,11.707861391250177,11.15,24904.13520862603,0.457310491464774,4.1626796816737315,0.008146144191142332
236,seattle,stand_alone_retail,17188.440398590796,0,3482.459096595869,34559.90351851493,2294.0,4C,NWPP,WaterCooledChiller,7.492781342018655,11.15,73389.32244555888,0.4709118760995771,4.269690602736461,0.0018612426341484138
237,seattle,strip_mall,17693.59298662469,0,3584.80539355902,35649.1219803496,2090.0,4C,NWPP,WaterCooledChiller,8.465833964892196,11.15,75619.70211853267,0.4714263741011591,4.273846593831829,0.0020449026764745594
238,seattle,supermarket,14366.342170966967,0,2910.6886848323024,30080.680733428268,4181.0,4C,NWPP,WaterCooledChiller,3.4361019303915254,11.15,62534.85956930844,0.4810225998842988,4.352872765044225,0.0010411080519120365
239,seattle,warehouse,3078.085706382475,0,623.6346823631649,6655.979152619352,4835.0,4C,NWPP,WaterCooledChiller,0.6366257924265719,11.15,13609.50586096864,0.48906839238802613,4.421418751514633,0.0009144609620505963
