,city,building,CoolingDemand_kWh,Cooling_HeatDemand_kWh,Cooling_ElecDemand_kWh,MakeupWater_kg,floor_area_m^2,climate_zone,eGRID_subregion,chiller_type,CoolingDemand_intensity_kWh/sqm,PoG_w4e_intensity (L/kWh),Total_w4e_intensity (L/kWh),annual_water_consumption_L,WaterConsumption_intensity_L/kWh,WaterConsumption_intensity L_per_kWh_sqm,Total_annual_water_consumption_L,Total_WaterConsumption_intensity_L/kWh,Total_WaterConsumption_intensity L_per_kWh_sqm
0,albuquerque,full_service_restaurant,81176.03759382581,128979.70417685673,1725.2613856607798,361203.00163818436,569.52,4B,AZNM,AbsorptionChiller,16.789252863252493,11.15,14.942,380439.66608830204,4.686600595016453,0.0009693072585349438,386981.85726272775,4.767193235016454,0.0009859758500551095
1,albuquerque,hospital,11210146.841727791,17811677.759634152,238252.98754285456,38002117.74134321,22422.0,4B,AZNM,AbsorptionChiller,2318.541228899233,11.15,14.942,40658638.55244604,3.6269496846465414,0.0007501447124398224,41562093.88120854,3.7075423246465413,0.0007668133039599879
2,albuquerque,large_hotel,2760202.8158055292,4385655.585113203,58663.51051192003,9514229.806455025,11345.0,4B,AZNM,AbsorptionChiller,570.8795896185169,11.15,14.942,10168327.948662933,3.683906084885084,0.0007619247331716823,10390779.980524134,3.764498724885084,0.0007785933246918478
3,albuquerque,large_office,3060472.3538688957,4862750.51781392,65045.23909422693,12597871.250606768,46320.0,4B,AZNM,AbsorptionChiller,632.9829066947044,11.15,14.942,13323125.666507399,4.35329064471534,0.0009003703505098945,13569777.213152707,4.43388328471534,0.00091703894203006
4,albuquerque,medium_office,320281.0793964718,508891.0483743934,6807.040540772998,1391996.7426772073,4982.0,4B,AZNM,AbsorptionChiller,66.24220876866015,11.15,14.942,1467895.2447068263,4.58314692667105,0.0009479104295079732,1493707.5424374375,4.66373956667105,0.0009645790210281386
5,albuquerque,midrise_apartment,116117.84474337615,184498.35331447466,2467.8912602792298,485447.1698217076,3135.0,4B,AZNM,AbsorptionChiller,24.01610025716156,11.15,14.942,512964.157373821,4.417616934825882,0.0009136746504293448,522322.40103279985,4.498209574825882,0.0009303432419495103
6,albuquerque,outpatient_healthcare,1083317.174704926,1721270.6220311571,23024.101019728692,4100651.169343737,3804.0,4B,AZNM,AbsorptionChiller,224.0573267228389,11.15,14.942,4357369.895713712,4.022247590508821,0.0008319022937970673,4444677.286780523,4.1028402305088205,0.0008485708853172328
7,albuquerque,primary_school,348703.2289519561,554050.686001442,7411.1059593255895,1555843.8324336733,6871.0,4B,AZNM,AbsorptionChiller,72.12062646369309,11.15,14.942,1638477.6638801536,4.698773994163103,0.0009718250246459365,1666580.5776779163,4.779366634163103,0.0009884936161661019
8,albuquerque,quick_service_restaurant,31838.046692328386,50587.1186333662,676.664619034285,143877.56835068596,232.0,4B,AZNM,AbsorptionChiller,6.58491141516616,11.15,14.942,151422.37885291825,4.756019749459209,0.0009836648913049036,153988.29108829625,4.836612389459209,0.001000333482825069
9,albuquerque,secondary_school,3259135.764834071,5178404.604125248,69267.49878860671,13876625.411975093,19592.0,4B,AZNM,AbsorptionChiller,674.0715128922587,11.15,14.942,14648958.023468059,4.4947369733809985,0.0009296250203476729,14911620.378874455,4.575329613380998,0.0009462936118678384
10,albuquerque,small_hotel,346770.75835346343,550980.2049393927,7370.034517538954,1349482.540072381,4014.0,4B,AZNM,AbsorptionChiller,71.7209427825157,11.15,14.942,1431658.4249429405,4.128544262903653,0.0008538871277980668,1459605.595833448,4.209136902903652,0.0008705557193182321
11,albuquerque,small_office,20208.386839671384,32108.88131192223,429.495581632483,87755.36616224228,511.0,4B,AZNM,AbsorptionChiller,4.179604310169883,11.15,14.942,92544.24189744447,4.579496752099455,0.0009471554813028863,94172.88914299484,4.660089392099454,0.0009638240728230516
12,albuquerque,stand_alone_retail,98566.42002864565,156611.0896010704,2094.864980342154,444696.4582260003,2294.0,4B,AZNM,AbsorptionChiller,20.38602275670024,11.15,14.942,468054.2027568153,4.748617253429597,0.0009821338683411783,475997.9307622728,4.8292098934295975,0.000998802459861344
13,albuquerque,strip_mall,91738.00433999556,145761.4957846596,1949.7383855727032,414841.6830539599,2090.0,4B,AZNM,AbsorptionChiller,18.973734093070437,11.15,14.942,436581.2660530956,4.759001127112557,0.0009842815154317596,443974.6740111873,4.839593767112557,0.001000950106951925
14,albuquerque,supermarket,96451.65469490988,153250.96245968994,2049.9191677824824,443690.6616397092,4181.0,4B,AZNM,AbsorptionChiller,19.94863592449015,11.15,14.942,466547.2603604839,4.837109968058488,0.0010004363946346409,474320.55384471506,4.917702608058488,0.0010171049861548063
15,albuquerque,warehouse,25741.81669509118,40900.88652664495,547.0994108263384,122172.57653630468,4835.0,4B,AZNM,AbsorptionChiller,5.324057227526614,11.15,14.942,128272.73496701836,4.983049039871349,0.0010306202771192036,130347.33593287184,5.063641679871349,0.001047288868639369
16,atlanta,full_service_restaurant,138201.1475863159,219586.2678315909,2937.235056701169,504548.7006715014,569.52,3A,SRSO,AbsorptionChiller,28.583484505959856,11.15,14.942,537298.8715537194,3.88780325588932,0.0008040958130070982,548436.8668887303,3.9683958958893206,0.0008207644045272639
17,atlanta,hospital,16863438.28369626,26794129.717428878,358404.27498949604,51946586.71798386,22422.0,3A,SRSO,AbsorptionChiller,3487.7845467830944,11.15,14.942,55942794.38411674,3.317401436349003,0.000686122323960497,57301863.394876905,3.3979940763490037,0.0007027909154806626
18,atlanta,large_hotel,3565816.3839056278,5665686.032205581,75785.4842126073,11352584.313162655,11345.0,3A,SRSO,AbsorptionChiller,737.5008032896851,11.15,14.942,12197592.462133227,3.420701222078418,0.0007074873261796108,12484971.018267432,3.5012938620784175,0.0007241559176997761
19,atlanta,large_office,6461081.304124868,10265940.294331718,137319.5146503334,21830640.62335508,46320.0,3A,SRSO,AbsorptionChiller,1336.3146440796004,11.15,14.942,23361753.211706296,3.615765243008433,0.0007478314876956428,23882468.81126036,3.696357883008433,0.0007645000792158083
20,atlanta,medium_office,490971.69680856995,780099.4738180602,10434.785129504771,1736731.5157058043,4982.0,3A,SRSO,AbsorptionChiller,101.54533543093484,11.15,14.942,1853079.3698997826,3.7743099692817914,0.0007806225375970613,1892648.0751108646,3.854902609281791,0.0007972911291172267
21,atlanta,midrise_apartment,190390.21539679018,302508.89779712254,4046.4267112331227,675359.5571061383,3135.0,3A,SRSO,AbsorptionChiller,39.377500599129306,11.15,14.942,720477.2149363876,3.7842134556907183,0.0007826708284779148,735821.2650253837,3.864806095690719,0.0007993394199980805
22,atlanta,outpatient_healthcare,1474836.239312145,2343350.913573765,31345.186206181068,4856387.413846394,3804.0,3A,SRSO,AbsorptionChiller,305.03334835825126,11.15,14.942,5205886.240045313,3.529806293933561,0.0007300530080524428,5324747.186139151,3.6103989339335616,0.0007467215995726084
23,atlanta,primary_school,581751.7807207332,924338.9404784988,12364.164512918005,2132793.5377059886,6871.0,3A,SRSO,AbsorptionChiller,120.32094740863148,11.15,14.942,2270653.9720250242,3.9031319667159545,0.0008072661771904767,2317538.8838580092,3.983724606715955,0.0008239347687106421
24,atlanta,quick_service_restaurant,55457.844426624295,88116.35281119213,1178.6640535471902,204063.22581834727,232.0,3A,SRSO,AbsorptionChiller,11.470081577378345,11.15,14.942,217205.33001539845,3.9165844302293538,0.000810048486086733,221674.82410644938,3.9971770702293536,0.0008267170776068984
25,atlanta,secondary_school,6420113.817731498,10200847.510395601,136448.81900618665,22867930.357016925,19592.0,3A,SRSO,AbsorptionChiller,1327.841534174043,11.15,14.942,24389334.688935906,3.7988944404031932,0.0007857072265570203,24906748.610607367,3.879487080403193,0.0008023758180771858
26,atlanta,small_hotel,493999.10115928575,784909.6829530863,10499.127563305397,1672218.3855585307,4014.0,3A,SRSO,AbsorptionChiller,102.1714790401832,11.15,14.942,1789283.657889386,3.6220382864875837,0.0007491289113728198,1829096.34960944,3.702630926487584,0.0007657975028929853
27,atlanta,small_office,29775.355804512154,47309.73200050265,632.8255620318986,108255.32511091532,511.0,3A,SRSO,AbsorptionChiller,6.15829489234998,11.15,14.942,115311.330127571,3.8727104013345404,0.0008009742298520249,117711.00465879595,3.9533030413345402,0.0008176428213721904
28,atlanta,stand_alone_retail,185250.8378786051,294342.9979626724,3937.1978077132876,690731.8792698794,2294.0,3A,SRSO,AbsorptionChiller,38.3145476481086,11.15,14.942,734631.6348258826,3.965604923780625,0.000820187161071484,749561.4889127314,4.046197563780625,0.0008368557525916494
29,atlanta,strip_mall,168569.13147156916,267837.62000482663,3582.655940875749,632462.0431315838,2090.0,3A,SRSO,AbsorptionChiller,34.86434983900086,11.15,14.942,672408.6568723484,3.9889192701082212,0.0008250091561754335,685994.0882001492,4.069511910108221,0.000841677747695599
30,atlanta,supermarket,183299.7360377032,291242.9139265729,3895.7303899213193,679807.1111357838,4181.0,3A,SRSO,AbsorptionChiller,37.91101055588484,11.15,14.942,723244.5049834065,3.9456931069155563,0.0008160688949153167,738017.1146219881,4.026285746915557,0.0008327374864354822
31,atlanta,warehouse,40339.670567919835,64095.25434680596,857.3524651368555,156096.2456280063,4835.0,3A,SRSO,AbsorptionChiller,8.34326175137949,11.15,14.942,165655.72561428224,4.106521527868404,0.000849332270500187,168906.8061620812,4.187114167868404,0.0008660008620203524
32,baltimore,full_service_restaurant,94354.6876052642,149919.1147505863,2005.3516272372092,338390.64542126225,569.52,4A,RFCE,AbsorptionChiller,19.514930218255266,11.15,14.942,360750.3160649571,3.8233428059681294,0.0007907637654535945,368354.6094354406,3.9039354459681292,0.00080743235697376
33,baltimore,hospital,16332923.58797378,25951200.812002894,347129.06932306924,48007818.9704364,22422.0,4A,RFCE,AbsorptionChiller,3378.0607214009888,11.15,14.942,51878308.093388624,3.1763026266520673,0.0006569395298142848,53194621.524261706,3.256895266652067,0.0006736081213344503
34,baltimore,large_hotel,3297171.8709036363,5238839.75043577,70075.89282960506,10050422.387676325,11345.0,4A,RFCE,AbsorptionChiller,681.9383393802764,11.15,14.942,10831768.59272642,3.2851695382679043,0.0006794559541402077,11097496.378336284,3.365762178267904,0.0006961245456603731
35,baltimore,large_office,5800386.858040384,9216170.229997488,123277.55535621806,18953179.610415537,46320.0,4A,RFCE,AbsorptionChiller,1199.666361538859,11.15,14.942,20327724.35263737,3.504546308744816,0.000724828605738328,20795192.842548147,3.5851389487448158,0.0007414971972584934
36,baltimore,medium_office,407672.0136246548,647745.5327591719,8664.389196235967,1404741.506132101,4982.0,4A,RFCE,AbsorptionChiller,84.31685907438569,11.15,14.942,1501349.445670132,3.6827385630950626,0.000761683260205804,1534204.8095022587,3.763331203095062,0.0007783518517259694
37,baltimore,midrise_apartment,133634.22680022588,212329.93813813743,2840.172766927492,463473.6029993331,3135.0,4A,RFCE,AbsorptionChiller,27.638930051753025,11.15,14.942,495141.52935057465,3.7051999417093775,0.0007663288400639871,505911.4644827637,3.7857925817093783,0.0007829974315841527
38,baltimore,outpatient_healthcare,1255467.9023741249,1994799.00043889,26682.877818458095,3967904.7969796318,3804.0,4A,RFCE,AbsorptionChiller,259.66244102877454,11.15,14.942,4265418.884655439,3.397473465143484,0.0007026832399469461,4366600.357343033,3.4780661051434847,0.0007193518314671117
39,baltimore,primary_school,437185.9414027138,694639.8846732018,9291.658541279025,1569928.514533125,6871.0,4A,RFCE,AbsorptionChiller,90.42108405433585,11.15,14.942,1673530.5072683862,3.8279604826698064,0.0007917188175118524,1708764.4764569162,3.9085531226698067,0.0008083874090320179
40,baltimore,quick_service_restaurant,38096.9091924772,60531.75571693565,809.6863100374437,137855.31412074692,232.0,4A,RFCE,AbsorptionChiller,7.879402108061469,11.15,14.942,146883.31647766443,3.8555179302227676,0.000797418393014016,149953.6469653264,3.9361105702227666,0.0008140869845341813
41,baltimore,secondary_school,5208023.774135944,8274971.107793776,110687.86527963573,18067606.88918043,19592.0,4A,RFCE,AbsorptionChiller,1077.1507288802368,11.15,14.942,19301776.587048367,3.7061613817710914,0.0007665276901284573,19721504.97218875,3.7867540217710918,0.0007831962816486229
42,baltimore,small_hotel,386590.90839738835,614249.9988980736,8216.345439805838,1268283.1403477225,4014.0,4A,RFCE,AbsorptionChiller,79.95675458063874,11.15,14.942,1359895.3920015576,3.517660044409737,0.0007275408571685082,1391051.7739093013,3.598252684409737,0.0007442094486886736
43,baltimore,small_office,22528.651074165053,35795.523373395576,478.80893082958806,81024.4125153072,511.0,4A,RFCE,AbsorptionChiller,4.659493500344375,11.15,14.942,86363.1320940571,3.833479945592253,0.0007928603817150472,88178.7755597629,3.9140725855922534,0.0008095289732352127
44,baltimore,stand_alone_retail,127906.93042862839,203229.90056993192,2718.4486280431197,468404.2454492529,2294.0,4A,RFCE,AbsorptionChiller,26.454380647079294,11.15,14.942,498714.9476519337,3.899045548045693,0.0008064210026981785,509023.3048494732,3.979638188045693,0.000823089594218344
45,baltimore,strip_mall,116625.24048155417,185304.5487651362,2478.6751110346263,428736.9730935878,2090.0,4A,RFCE,AbsorptionChiller,24.12104249877025,11.15,14.942,456374.2005816239,3.9131683561570494,0.000809341955771882,465773.3366026672,3.9937609961570493,0.0008260105472920475
46,baltimore,supermarket,125835.34628655232,199938.3835441886,2674.420559743529,458180.37823001615,4181.0,4A,RFCE,AbsorptionChiller,26.025924774881556,11.15,14.942,488000.1674711565,3.8780849886158557,0.0008020858301170333,498141.57023370394,3.9586776286158556,0.0008187544216371987
47,baltimore,warehouse,27889.629316434264,44313.522136112224,592.7475884052818,107030.495853421,4835.0,4A,RFCE,AbsorptionChiller,5.768279072685473,11.15,14.942,113639.6314641399,4.07461964355247,0.000842734155853665,115887.33031937272,4.155212283552469,0.0008594027473738302
48,chicago,full_service_restaurant,68745.04918880865,109228.24482221865,1461.0614454261456,246007.94551880396,569.52,5A,RFCW,AbsorptionChiller,14.218210793962493,11.15,14.942,262298.7806353055,3.815529754221289,0.000789147829208126,267839.1256363614,3.8961223942212886,0.0008058164207282913
49,chicago,hospital,13606340.421012893,21618963.113387167,289180.0884145925,39246875.042759284,22422.0,5A,RFCW,AbsorptionChiller,2814.1345234773307,11.15,14.942,42471233.02858199,3.121429547873999,0.0006455903925282314,43567803.92385013,3.2020221878739985,0.0006622589840483968
50,chicago,large_hotel,2960639.0400040993,4704126.474673179,62923.448396887026,8667838.298124865,11345.0,5A,RFCW,AbsorptionChiller,612.3348583255635,11.15,14.942,9369434.747750156,3.164666351132485,0.0006545328544224374,9608040.46407115,3.2452589911324847,0.0006712014459426028
51,chicago,large_office,3676505.0049129263,5841557.952250532,78137.98637108265,12546829.25155344,46320.0,5A,RFCW,AbsorptionChiller,760.3940030843695,11.15,14.942,13418067.799591012,3.6496802756042497,0.0007548459722035676,13714367.043910157,3.7302729156042496,0.0007715145637237331
52,chicago,medium_office,281405.05396445055,447121.36352129147,5980.795413591106,983569.2810565837,4982.0,5A,RFCW,AbsorptionChiller,58.20166576307147,11.15,14.942,1050255.1499181245,3.7321829694316775,0.0007719096110510191,1072934.326126462,3.812775609431678,0.0007885782025711846
53,chicago,midrise_apartment,102746.57848341212,163252.896923644,2183.7072813674436,353494.0132822416,3135.0,5A,RFCW,AbsorptionChiller,21.250585001739836,11.15,14.942,377842.3494694886,3.677420261059975,0.0007605833011499431,386122.96748043393,3.7580129010599745,0.0007772518926701085
54,chicago,outpatient_healthcare,976166.6299806006,1551020.3120802857,20746.794775854294,3046971.0263281767,3804.0,5A,RFCW,AbsorptionChiller,201.89589037861438,11.15,14.942,3278297.788078952,3.358338307614656,0.0006945891018851409,3356969.6338689914,3.4389309476146552,0.0007112576934053061
55,chicago,primary_school,316393.7943632786,502714.5843772091,6724.422776200858,1131563.5810541918,6871.0,5A,RFCW,AbsorptionChiller,65.43822013718275,11.15,14.942,1206540.8950088313,3.8134151696524716,0.0007887104797626622,1232039.906176185,3.8940078096524715,0.0008053790712828276
56,chicago,quick_service_restaurant,27837.908348107994,44231.34326421598,591.648345425123,100423.3805562116,232.0,5A,RFCW,AbsorptionChiller,5.757581871377041,11.15,14.942,107020.25960770172,3.844407355230601,0.0007951204457560705,109263.79013355379,3.924999995230601,0.0008117890372762361
57,chicago,secondary_school,3869679.460327919,6148490.698076585,82243.58746350273,13558029.80789761,19592.0,5A,RFCW,AbsorptionChiller,800.347354773096,11.15,14.942,14475045.808115667,3.740631738756223,0.0007736570297324142,14786913.49177727,3.8212243787562232,0.0007903256212525798
58,chicago,small_hotel,318329.0703395533,505789.52287284506,6765.553841616628,1026911.2671496626,4014.0,5A,RFCW,AbsorptionChiller,65.83848404127265,11.15,14.942,1102347.192483688,3.4629171357420896,0.0007162186423458303,1128002.1726510983,3.5435097757420895,0.0007328872338659958
59,chicago,small_office,17186.981580108182,27308.2040661718,365.2806485158987,60861.67851969626,511.0,5A,RFCW,AbsorptionChiller,3.554701464345022,11.15,14.942,64934.55775064853,3.7781245908707026,0.0007814114975947679,66319.70196982082,3.8587172308707025,0.0007980800891149333
60,chicago,stand_alone_retail,88250.34608314835,140219.99433211287,1875.6140220871796,318856.6875156128,2294.0,5A,RFCW,AbsorptionChiller,18.252398362595315,11.15,14.942,339769.78386188485,3.850067438169116,0.0007962910937268079,346882.11223363946,3.930660078169116,0.0008129596852469733
61,chicago,strip_mall,80446.3223363658,127820.26771222564,1709.7525040555659,291219.397145266,2090.0,5A,RFCW,AbsorptionChiller,16.63832933533936,11.15,14.942,310283.13756548555,3.857020787949953,0.0007977292219131237,316766.5190608643,3.937613427949954,0.0008143978134332894
62,chicago,supermarket,84912.2049619902,134916.05899516228,1804.667396125497,306266.59701422305,4181.0,5A,RFCW,AbsorptionChiller,17.56198654849849,11.15,14.942,326388.6384810223,3.8438365677481325,0.0007950023925021991,333231.9372471302,3.9244292077481324,0.0008116709840223645
63,chicago,warehouse,18574.371537099592,29512.612553391573,394.76730973515555,69243.62013370136,4835.0,5A,RFCW,AbsorptionChiller,3.8416487150154275,11.15,14.942,73645.27563724834,3.964886536815131,0.0008200385805201925,75142.23327576405,4.045479176815131,0.000836707172040358
64,denver,full_service_restaurant,64939.12165145914,103181.04884620746,1380.172798832346,289957.19841015036,569.52,5B,RMPA,AbsorptionChiller,13.431048945493101,11.15,14.942,305346.12511713104,4.7020365744394095,0.0009724998085707155,310579.7403703033,4.782629214439409,0.000989168400090881
65,denver,hospital,10603665.525031984,16848046.33421748,225363.23795867994,34282802.72799795,22422.0,5B,RMPA,AbsorptionChiller,2193.1055894585284,11.15,14.942,36795602.831237234,3.470083316413005,0.0007177007893305078,37650180.22957654,3.5506759564130044,0.0007343693808506731
66,denver,large_hotel,2542640.2527970057,4039972.846110799,54039.58083944577,8316111.800408948,11345.0,5B,RMPA,AbsorptionChiller,525.8821619021728,11.15,14.942,8918653.126768768,3.5076346789357613,0.0007254673586216672,9123571.217311947,3.5882273189357616,0.0007421359501418328
67,denver,large_office,2544008.9002910727,4042147.4749069214,54068.66916085291,10351507.899904039,46320.0,5B,RMPA,AbsorptionChiller,526.165232738588,11.15,14.942,10954373.561047548,4.305949385552151,0.0008905789835681802,11159401.954505503,4.386542025552151,0.0009072475750883456
68,denver,medium_office,251212.54224308179,399148.81711956346,5339.103897806303,1088648.7443958698,4982.0,5B,RMPA,AbsorptionChiller,51.957092501154456,11.15,14.942,1148179.75285641,4.570551066456676,0.0009453052877883507,1168425.6348368917,4.651143706456676,0.0009619738793085162
69,denver,midrise_apartment,88891.21466427414,141238.26329990124,1889.2346156647,369687.45441285224,3135.0,5B,RMPA,AbsorptionChiller,18.384946156002925,11.15,14.942,390752.4203775136,4.395849711957633,0.000909172639494857,397916.3980401142,4.476442351957633,0.0009258412310150224
70,denver,outpatient_healthcare,932065.3335965892,1480948.252270132,19809.495223372804,3398293.698639203,3804.0,5B,RMPA,AbsorptionChiller,192.77462949257273,11.15,14.942,3619169.5703798095,3.882956955833137,0.0008030934758703489,3694287.1762668393,3.9635495958331375,0.0008197620673905144
71,denver,primary_school,255303.75812595658,405649.3045779092,5426.05587270369,1133782.07187419,6871.0,5B,RMPA,AbsorptionChiller,52.80325917806754,11.15,14.942,1194282.5948548361,4.677888816135739,0.0009675054428408974,1214858.1987241283,4.758481456135739,0.0009841740343610628
72,denver,quick_service_restaurant,25337.530955736234,40258.52140744754,538.5069912459142,115773.6224061129,232.0,5B,RMPA,AbsorptionChiller,5.240440735415974,11.15,14.942,121777.97535850485,4.806228972003888,0.0009940494254403077,123819.99386930936,4.886821612003888,0.0010107180169604732
73,denver,secondary_school,2499227.711466768,3970995.141552757,53116.91962770702,10569905.024588821,19592.0,5B,RMPA,AbsorptionChiller,516.9033529403863,11.15,14.942,11162158.678437755,4.466243162727582,0.0009237317813293862,11363578.037666019,4.546835802727582,0.0009404003728495516
74,denver,small_hotel,284991.0912695219,452819.1783504623,6057.0106597816,1085567.592734828,4014.0,5B,RMPA,AbsorptionChiller,58.94334876308623,11.15,14.942,1153103.2615913928,4.04610283238952,0.0008368361597496422,1176071.4460132846,4.12669547238952,0.0008535047512698077
75,denver,small_office,14682.394108257515,23328.69286089811,312.0498161141663,63711.76995681947,511.0,5B,RMPA,AbsorptionChiller,3.0366895777161353,11.15,14.942,67191.12540649243,4.576305806197064,0.0009464955131741602,68374.41830919734,4.656898446197063,0.0009631641046943254
76,denver,stand_alone_retail,71441.8560141265,113513.17122244519,1518.3775798202319,318780.1914593508,2294.0,5B,RMPA,AbsorptionChiller,14.775978493097519,11.15,14.942,335710.1014743464,4.699067468347478,0.0009718857225124049,341467.7892570247,4.779660108347477,0.0009885543140325701
77,denver,strip_mall,63755.91860287251,101301.0706690086,1355.0257900397191,285133.11573614477,2090.0,5B,RMPA,AbsorptionChiller,13.186332699663394,11.15,14.942,300241.6532950876,4.709235783508267,0.0009739887866614822,305379.91109091823,4.7898284235082675,0.000990657378181648
78,denver,supermarket,69289.41325778273,110093.17884292142,1472.630996438747,319095.79628872505,4181.0,5B,RMPA,AbsorptionChiller,14.33079901918981,11.15,14.942,335515.6318990171,4.842235142773868,0.0010014964100876667,341099.8486375128,4.922827782773869,0.0010181650016078323
79,denver,warehouse,20141.254034243066,32002.214743297318,428.0687857411128,96182.29392115967,4835.0,5B,RMPA,AbsorptionChiller,4.165719552066818,11.15,14.942,100955.26088217308,5.012362224841334,0.0010366829834211654,102578.49771770337,5.092954864841334,0.0010533515749413308
80,duluth,full_service_restaurant,17927.122408818872,28484.205605123356,381.01110826209793,62990.376074508276,569.52,7,MROW,AbsorptionChiller,3.7077812634578846,11.15,14.942,67238.64993163067,3.7506660800482976,0.0007757323847049219,68683.44405416054,3.8312587200482975,0.0007924009762250874
81,duluth,hospital,10430594.566986347,16573055.8119893,221684.90319701645,28196026.81665013,22422.0,7,MROW,AbsorptionChiller,2157.310148290868,11.15,14.942,30667813.487296864,2.9401788450643944,0.0006081031737465138,31508442.64021995,3.0207714850643943,0.0006247717652666793
82,duluth,large_hotel,2448868.7817366277,3890980.397648209,52046.62450784258,6489314.592579215,11345.0,7,MROW,AbsorptionChiller,506.48785558151553,11.15,14.942,7069634.45584166,2.886898027597948,0.0005970833562767213,7266995.255975399,2.967490667597948,0.0006137519477968869
83,duluth,large_office,2216462.574116501,3521712.756651768,47107.217908555875,7255530.63764512,46320.0,7,MROW,AbsorptionChiller,458.4203876145814,11.15,14.942,7780776.117325518,3.5104477775479674,0.000726049178396684,7959406.687634761,3.591040417547967,0.0007427177699168494
84,duluth,medium_office,139421.06198419782,221524.57626378172,2963.1623040374893,469291.81788348465,4982.0,7,MROW,AbsorptionChiller,28.835793585149496,11.15,14.942,502331.07757350267,3.602978419648228,0.0007451868499789509,513567.3890304128,3.683571059648228,0.0007618554414991164
85,duluth,midrise_apartment,49032.53167539685,77907.24477313078,1042.1047398744324,160705.54208081003,3135.0,7,MROW,AbsorptionChiller,10.141164772574323,11.15,14.942,172325.00993040996,3.514503617133802,0.0007268880283627305,176276.6711040138,3.595096257133802,0.000743556619882896
86,duluth,outpatient_healthcare,7913.029846782806,12572.925200999362,168.1782610102907,27937.89447221032,3804.0,7,MROW,AbsorptionChiller,1.636614239251873,11.15,14.942,29813.08208247506,3.767593786417492,0.000779233461513442,30450.814048226082,3.848186426417492,0.0007959020530336075
87,duluth,primary_school,122007.43036950275,193856.25047598773,2593.0645867864987,420316.29168995545,6871.0,7,MROW,AbsorptionChiller,25.234215174664477,11.15,14.942,449228.9618326249,3.681980355394119,0.0007615264437216378,459061.8627457193,3.7625729953941187,0.0007781950352418033
88,duluth,quick_service_restaurant,7913.029846782806,12572.925200999362,168.1782610102907,27937.89447221032,232.0,7,MROW,AbsorptionChiller,1.636614239251873,11.15,14.942,29813.08208247506,3.767593786417492,0.000779233461513442,30450.814048226082,3.848186426417492,0.0007959020530336075
89,duluth,secondary_school,1750390.105499801,2781175.3898496856,37201.624375555824,5904484.258259195,19592.0,7,MROW,AbsorptionChiller,362.0248408479423,11.15,14.942,6319282.370046643,3.6102137176113973,0.0007466832921636809,6460350.92967875,3.6908063576113976,0.0007633518836838465
90,duluth,small_hotel,201343.92396839635,319913.1236386744,4279.229530741642,603701.4508613325,4014.0,7,MROW,AbsorptionChiller,41.64300392314299,11.15,14.942,651414.8601291018,3.2353340855289487,0.0006691487250318405,667641.698509674,3.315926725528948,0.0006858173165520059
91,duluth,small_office,6775.2325370162425,10765.091697703556,143.9962755200515,23276.28165921057,511.0,7,MROW,AbsorptionChiller,1.401289045918561,11.15,14.942,24881.840131259145,3.6724702798491555,0.0007595595201342618,25427.87400803118,3.7530629198491554,0.0007762281116544271
92,duluth,stand_alone_retail,17937.922604426523,28501.365915922164,381.2406484194127,62466.32093061729,2294.0,7,MROW,AbsorptionChiller,3.710015016427409,11.15,14.942,66717.15416049374,3.7193356015500934,0.0007692524511996057,68162.81869930016,3.7999282415500937,0.0007859210427197712
93,duluth,strip_mall,18636.69097990823,29611.631223631946,396.09180562631616,64836.28334094848,2090.0,7,MROW,AbsorptionChiller,3.8545379482747117,11.15,14.942,69252.70697368191,3.715933641242514,0.0007685488399674279,70754.6871006169,3.796526281242514,0.0007852174314875933
94,duluth,supermarket,30070.773701163613,47779.11821407102,639.1041770620641,102304.53392425478,4181.0,7,MROW,AbsorptionChiller,6.219394767562278,11.15,14.942,109430.5454984968,3.639099764641649,0.0007526576555618716,111854.02853791614,3.719692404641649,0.000769326247082037
95,duluth,warehouse,4273.803721536652,6790.59924644156,90.83257509505876,15684.555888731764,4835.0,7,MROW,AbsorptionChiller,0.8839304491285733,11.15,14.942,16697.339101041667,3.90690358962908,0.0008080462439770589,17041.776225802132,3.9874962296290803,0.0008247148354972245
96,helena,full_service_restaurant,31112.259358516207,49433.92320297573,661.2392188996665,132939.47456170825,569.52,6B,NWPP,AbsorptionChiller,6.4348002809754306,11.15,14.942,140312.29185243952,4.509871502277527,0.0009327552228081751,142819.71097050706,4.590464142277527,0.0009494238143283407
97,helena,hospital,9878216.915685952,15695389.099367622,209945.0368480449,29276475.790556755,22422.0,6B,NWPP,AbsorptionChiller,2043.064512034323,11.15,14.942,31617362.951412454,3.2007155968812735,0.000661988748062311,32413474.53114024,3.2813082368812734,0.0006786573395824764
98,helena,large_hotel,2313862.8035671627,3676470.899001153,49177.2974518141,6844123.279427046,11345.0,6B,NWPP,AbsorptionChiller,478.56521273364274,11.15,14.942,7392450.146014773,3.1948524063821826,0.0006607760923230988,7578930.457952052,3.2754450463821825,0.0006774446838432642
99,helena,large_office,1762237.745246437,2799999.9730026694,37453.42621230431,6832086.453323623,46320.0,6B,NWPP,AbsorptionChiller,364.47523169523,11.15,14.942,7249692.155590816,4.113912651767084,0.0008508609414202862,7391715.547787874,4.194505291767084,0.0008675295329404517
100,helena,medium_office,141310.74495293183,224527.0725363242,3003.324366066307,579739.9361564968,4982.0,6B,NWPP,AbsorptionChiller,29.226627704846294,11.15,14.942,613227.002838136,4.3395638671524335,0.0008975313065465219,624615.6088342596,4.420156507152434,0.0009141998980666875
101,helena,midrise_apartment,51683.81207959626,82119.83474869186,1098.4532860650204,204273.52040716368,3135.0,6B,NWPP,AbsorptionChiller,10.689516459068512,11.15,14.942,216521.27454678866,4.1893441260356825,0.0008664620736371629,220686.60940754722,4.269936766035683,0.0008831306651573285
102,helena,outpatient_healthcare,700573.9573911512,1113134.1767437183,14889.53184108658,2327102.114404583,3804.0,6B,NWPP,AbsorptionChiller,144.89637174584306,11.15,14.942,2493120.3944326984,3.558682660310074,0.0007360253692471714,2549581.4991740985,3.6392753003100733,0.0007526939607673368
103,helena,primary_school,125032.08652524359,198662.09303455372,2657.34861228318,524788.7873781075,6871.0,6B,NWPP,AbsorptionChiller,25.859790387847692,11.15,14.942,554418.224405065,4.434207568735803,0.0009171060121480461,564494.8903428428,4.514800208735803,0.0009337746036682116
104,helena,quick_service_restaurant,11639.12792802128,18493.28104118935,247.3702655635454,50794.1153821077,232.0,6B,NWPP,AbsorptionChiller,2.407265341886511,11.15,14.942,53552.29384314123,4.601057241944537,0.0009516147346317554,54490.3218901582,4.681649881944538,0.000968283326151921
105,helena,secondary_school,1390130.1998339577,2208762.4286250705,29544.90051380441,5578059.670114796,19592.0,6B,NWPP,AbsorptionChiller,287.5140020339106,11.15,14.942,5907485.3108437145,4.249591377519406,0.0008789227254435172,6019519.573592061,4.3301840175194055,0.0008955913169636827
106,helena,small_hotel,196149.2408074083,311659.34928288497,4168.825197960134,694998.5545065156,4014.0,6B,NWPP,AbsorptionChiller,40.568612369681134,11.15,14.942,741480.9554637711,3.7801877407815407,0.0007818382090551274,757289.1406144359,3.8607803807815406,0.0007985068005752927
107,helena,small_office,8098.410697059278,12867.474774216373,172.1182220148326,33307.98190655539,511.0,6B,NWPP,AbsorptionChiller,1.6749556767444216,11.15,14.942,35227.10008202077,4.349878192126333,0.0008996645692091692,35879.77237990102,4.430470832126333,0.0009163331607293347
108,helena,stand_alone_retail,31493.993898466186,50040.45697200735,669.3523503220678,134754.14437409004,2294.0,6B,NWPP,AbsorptionChiller,6.513752616021962,11.15,14.942,142217.4230801811,4.515699835933077,0.0009339606692726116,144755.6071926024,4.596292475933078,0.0009506292607927773
109,helena,strip_mall,29103.873397231015,46242.821064489246,618.5543226024839,124809.1328593145,2090.0,6B,NWPP,AbsorptionChiller,6.019415387224615,11.15,14.942,131706.0135563322,4.525377490436132,0.0009359622524169871,134051.5715476408,4.605970130436132,0.0009526308439371525
110,helena,supermarket,36598.029982774366,58150.20319485246,777.8301305672294,160827.08432699248,4181.0,6B,NWPP,AbsorptionChiller,7.569396066757883,11.15,14.942,169499.8902828171,4.6313938308317635,0.0009578891066870245,172449.42213792802,4.7119864708317625,0.0009745576982071898
111,helena,warehouse,7519.8340709846725,11948.180801675659,159.82154012199425,34711.01817856532,4835.0,6B,NWPP,AbsorptionChiller,1.5552914314342652,11.15,14.942,36493.02835092555,4.852903402713916,0.0010037028754320404,37099.07163106816,4.933496042713916,0.001020371466952206
112,houston,full_service_restaurant,234795.52030166617,373063.99336820224,4990.187458144738,836347.3008396006,569.52,2A,ERCT,AbsorptionChiller,48.56163811823499,11.15,14.942,891987.8909979145,3.79899876220758,0.000785728802938486,910910.6818391993,3.8795914022075797,0.0008023973944586514
113,houston,hospital,18556071.28920018,29483535.492840096,394378.368466467,57819188.43397459,22422.0,2A,ERCT,AbsorptionChiller,3837.8637619855594,11.15,14.942,62216507.242375694,3.352892229864752,0.0006934627155873324,63711990.01560054,3.433484869864752,0.0007101313071074979
114,houston,large_hotel,3829362.368251737,6084431.318444385,81386.71486657627,12341018.328203132,11345.0,2A,ERCT,AbsorptionChiller,792.0087628235237,11.15,14.942,13248480.198965458,3.4597091956627595,0.0007155551593925045,13557098.621739514,3.540301835662759,0.0007322237509126699
115,houston,large_office,8672765.267591411,13780060.369617427,184325.17115387614,29166926.772496473,46320.0,2A,ERCT,AbsorptionChiller,1793.746694434625,11.15,14.942,31222152.430862192,3.6000227686933775,0.0007445755467824979,31921113.47987769,3.6806154086933773,0.0007612441383026634
116,houston,medium_office,729910.741203094,1159747.0665782448,15513.036286369688,2571911.00362326,4982.0,2A,ERCT,AbsorptionChiller,150.96395888378368,11.15,14.942,2744881.358216282,3.7605712634012773,0.000777781026556624,2803706.791814196,3.841163903401277,0.0007944496180767894
117,houston,midrise_apartment,286310.58942129154,454915.7143027182,6085.054393833835,1003516.2255100245,3135.0,2A,ERCT,AbsorptionChiller,59.21625427534468,11.15,14.942,1071364.5820012717,3.741966317650979,0.0007739330543228498,1094439.1082626896,3.822558957650979,0.0007906016458430153
118,houston,outpatient_healthcare,1850098.4989864696,2939600.9483896135,39320.7600984593,6125093.784248996,3804.0,2A,ERCT,AbsorptionChiller,382.64705253081064,11.15,14.942,6563520.259346817,3.5476599018606185,0.0007337455846661052,6712624.581640175,3.6282525418606193,0.0007504141761862708
119,houston,primary_school,978606.1960831732,1554896.5115543662,20798.643687421012,3541071.2755571916,6871.0,2A,ERCT,AbsorptionChiller,202.40045420541327,11.15,14.942,3772976.152671936,3.855459088418918,0.0007974062230442436,3851844.609534636,3.936051728418918,0.0008140748145644091
120,houston,quick_service_restaurant,96539.23317992153,153390.11494143086,2051.7805025172684,346993.2030842952,232.0,2A,ERCT,AbsorptionChiller,19.966749365030307,11.15,14.942,369870.55568736274,3.831297841345288,0.0007924090674964401,377650.9073529082,3.9118904813452877,0.0008090776590166056
121,houston,secondary_school,9826665.830957823,15613480.153632928,208849.4044606226,34469358.42993199,19592.0,2A,ERCT,AbsorptionChiller,2032.4024469406045,11.15,14.942,36798029.289667934,3.7447115758978815,0.0007745008429985278,37589986.231382616,3.8253042158978814,0.0007911694345186931
122,houston,small_hotel,672384.7755477133,1068344.6989258137,14290.417762974119,2280787.9166494985,4014.0,2A,ERCT,AbsorptionChiller,139.06613765206066,11.15,14.942,2440126.07470666,3.6290620541177105,0.0007505816037471998,2494315.338863858,3.709654694117711,0.0007672501952673652
123,houston,small_office,53903.80669190545,85647.15952158318,1145.6355715586228,193215.37160173286,511.0,2A,ERCT,AbsorptionChiller,11.148667361304126,11.15,14.942,205989.2082246115,3.821422286592316,0.0007903665535868285,210333.4583119618,3.902014926592315,0.0008070351451069938
124,houston,stand_alone_retail,347604.700222829,552305.2459096082,7387.758562069222,1266421.0243655806,2294.0,2A,ERCT,AbsorptionChiller,71.89342300368749,11.15,14.942,1348794.5323326525,3.8802540111454746,0.0008025344387064063,1376808.912800019,3.9608466511454745,0.0008192030302265718
125,houston,strip_mall,283609.45215008274,450623.90730513225,6027.646223029751,1041580.1817498978,2090.0,2A,ERCT,AbsorptionChiller,58.65759093073066,11.15,14.942,1108788.4371366794,3.9095609428063836,0.0008085958516662634,1131645.2716144084,3.990153582806384,0.0008252644431864289
126,houston,supermarket,343831.0932244791,546309.4036788956,7307.556834664242,1259451.0692149876,4181.0,2A,ERCT,AbsorptionChiller,71.11294585821699,11.15,14.942,1340930.327921494,3.8999681946915503,0.0008066118293053879,1368640.5834385406,3.9805608346915493,0.0008232804208255531
127,houston,warehouse,83300.38506025884,132355.0562624108,1770.4108504806989,322418.81926458736,4835.0,2A,ERCT,AbsorptionChiller,17.228621522287245,11.15,14.942,342158.90024744713,4.107530835540942,0.0008495410207944037,348872.29819247,4.188123475540942,0.0008662096123145691
128,las_vegas,full_service_restaurant,184634.0328775405,293362.96334987035,3924.088645423992,904730.799967756,569.52,3B,NWPP,AbsorptionChiller,38.18697681024623,11.15,14.942,948484.3883642335,5.137104864049202,0.0010624829088002486,963364.5325076813,5.217697504049202,0.001079151500320414
129,las_vegas,hospital,13887915.13610575,22066354.049590155,295164.4896927009,52677088.97990446,22422.0,3B,NWPP,AbsorptionChiller,2872.371279442761,11.15,14.942,55968173.03997807,4.02999100235515,0.0008335038267539089,57087436.7848928,4.1105836423551505,0.0008501724182740746
130,las_vegas,large_hotel,3394095.8894219236,5392841.246525968,72135.85130318026,13329332.002865216,11345.0,3B,NWPP,AbsorptionChiller,701.9846720624454,11.15,14.942,14133646.744895676,4.164186046995535,0.0008612587480859432,14407185.893037336,4.244778686995535,0.0008779273396061087
131,las_vegas,large_office,4798931.815992812,7624969.440966382,101993.29752923404,21653462.378385585,46320.0,3B,NWPP,AbsorptionChiller,992.5401894504264,11.15,14.942,22790687.645836543,4.749116786757589,0.0009822371844379707,23177446.2300674,4.829709426757589,0.0009989057759581363
132,las_vegas,medium_office,563422.4861275083,895215.7279581497,11974.605905163278,2707776.3499178574,4982.0,3B,NWPP,AbsorptionChiller,116.52998678955706,11.15,14.942,2841293.205760428,5.042917660757711,0.0010430026185641594,2886700.911352807,5.123510300757711,0.0010596712100843248
133,las_vegas,midrise_apartment,235897.69653576487,374815.2289401591,5013.6123770401255,1111078.5802123793,3135.0,3B,NWPP,AbsorptionChiller,48.789595974305044,11.15,14.942,1166980.3582163767,4.946976487493801,0.001023159563080414,1185991.9763501128,5.027569127493801,0.0010398281546005793
134,las_vegas,outpatient_healthcare,1452956.351084027,2308586.202277979,30880.165648372837,6257998.153770596,3804.0,3B,NWPP,AbsorptionChiller,300.50803538449367,11.15,14.942,6602312.000749953,4.544053918635667,0.0009398250090249569,6719409.588888583,4.624646558635668,0.0009564936005451226
135,las_vegas,primary_school,704862.1573835402,1119947.6500649592,14980.670384924813,3432940.671107004,6871.0,3B,NWPP,AbsorptionChiller,145.78327970704038,11.15,14.942,3599975.145898916,5.107346320395583,0.001056328091084919,3656781.8479985506,5.1879389603955826,0.0010729966826050843
136,las_vegas,quick_service_restaurant,80058.85992826993,127204.63299714022,1701.5176363421688,394848.3366086752,232.0,3B,NWPP,AbsorptionChiller,16.558192332630803,11.15,14.942,413820.2582538904,5.168950177714991,0.0010690693232088917,420272.4131308999,5.249542817714991,0.001085737914729057
137,las_vegas,secondary_school,6715688.039868019,10670482.107790276,142730.75647399464,31323216.34271736,19592.0,3B,NWPP,AbsorptionChiller,1388.973741441162,11.15,14.942,32914664.2774024,4.901160399649723,0.001013683640051649,33455899.30595179,4.981753039649723,0.0010303522315718145
138,las_vegas,small_hotel,516329.3981468685,820390.0437222472,10973.720808614788,2303890.707478434,4014.0,3B,NWPP,AbsorptionChiller,106.78994791041748,11.15,14.942,2426247.6944944886,4.699030702498077,0.000971878118407048,2467860.043800756,4.779623342498077,0.0009885467099272135
139,las_vegas,small_office,35231.41060446147,55978.79684931117,748.7849133801565,170942.3245334515,511.0,3B,NWPP,AbsorptionChiller,7.286744695855526,11.15,14.942,179291.27631764024,5.088961050425157,0.0010525255533454306,182130.6687091778,5.169553690425157,0.001069194144865596
140,las_vegas,stand_alone_retail,216866.4138548047,344576.6353470792,4609.134182460788,1079957.8236389942,2294.0,3B,NWPP,AbsorptionChiller,44.853446505647305,11.15,14.942,1131349.669773432,5.216804435798378,0.0010789667912716396,1148827.5065933233,5.297397075798378,0.0010956353827918052
141,las_vegas,strip_mall,203721.03072605998,323690.0821536284,4329.750973031185,1017189.2741756478,2090.0,3B,NWPP,AbsorptionChiller,42.134649581398136,11.15,14.942,1065465.9975249455,5.230024576881601,0.0010817010500272185,1081884.4132146798,5.310617216881601,0.0010983696415473839
142,las_vegas,supermarket,251168.3699391733,399078.63223668665,5338.16508910723,1267624.465142452,4181.0,3B,NWPP,AbsorptionChiller,51.947956554120644,11.15,14.942,1327145.0058859976,5.283885889801327,0.001092840928604204,1347387.3279038921,5.3644785298013264,0.0011095095201243694
143,las_vegas,warehouse,76466.8579176109,121497.34091353723,1625.1756202756208,393372.3516514049,4835.0,3B,NWPP,AbsorptionChiller,15.815275680995017,11.15,14.942,411493.0598174781,5.381325596781297,0.0011129939186724502,417655.7257695632,5.461918236781296,0.0011296625101926154
144,los_angeles,full_service_restaurant,38089.07487112025,60519.307850780104,809.5198045942097,125225.68547093085,569.52,3B-CA,CAMX,AbsorptionChiller,7.87778177272394,11.15,14.942,134251.8312921563,3.5246808106108194,0.0007289929287716276,137321.53039117754,3.6052734506108193,0.000745661520291793
145,los_angeles,hospital,14675155.111352984,23317190.899149735,311895.96329995495,43740283.29903264,22422.0,3B-CA,CAMX,AbsorptionChiller,3035.1923704969977,11.15,14.942,47217923.28982714,3.2175416839920445,0.000665468807444063,48400632.78266057,3.298134323992045,0.0006821373989642285
146,los_angeles,large_hotel,3375500.7776277964,5363295.680008603,71740.64319384914,10188425.193647819,11345.0,3B-CA,CAMX,AbsorptionChiller,698.1387337389444,11.15,14.942,10988333.365259238,3.255319458993435,0.0006732822045487973,11260373.884250313,3.3359120989934348,0.0006899507960689627
147,los_angeles,large_office,5201055.2692618435,8263898.927827175,110539.76132271168,16318970.436297636,46320.0,3B-CA,CAMX,AbsorptionChiller,1075.7094662382303,11.15,14.942,17551488.77504587,3.3746014734307668,0.0006979527349391452,17970655.549981594,3.455194113430767,0.0007146213264593107
148,los_angeles,medium_office,299648.52896584,476108.21824572486,6368.530068954006,955324.5525491702,4982.0,3B-CA,CAMX,AbsorptionChiller,61.97487672509617,11.15,14.942,1026333.6628180074,3.425124983460238,0.0007084022716567194,1050483.128839481,3.5057176234602383,0.0007250708631768849
149,los_angeles,midrise_apartment,108282.11874416638,172048.255337952,2301.3559637093445,337991.38200433896,3135.0,3B-CA,CAMX,AbsorptionChiller,22.395474404170916,11.15,14.942,363651.5009996981,3.3583707561068534,0.0006945958130520896,372378.242814084,3.4389633961068533,0.0007112644045722551
150,los_angeles,outpatient_healthcare,1193160.9061363568,1895800.106416657,25358.646458417985,3646748.1992545472,3804.0,3B-CA,CAMX,AbsorptionChiller,246.77578203440677,11.15,14.942,3929497.107265908,3.293350533911004,0.0006811479904676327,4025657.094636229,3.373943173911004,0.0006978165819877981
151,los_angeles,primary_school,306507.75873932877,487006.7722191563,6514.3115657399,985755.2347513618,6871.0,3B-CA,CAMX,AbsorptionChiller,63.39353851899251,11.15,14.942,1058389.8087093616,3.453060415379159,0.0007141800238633214,1083092.0781666473,3.533653055379159,0.0007308486153834869
152,los_angeles,quick_service_restaurant,10498.060752268371,16680.25208415974,223.11878452154352,35405.039775243305,232.0,3B-CA,CAMX,AbsorptionChiller,2.171263857759746,11.15,14.942,37892.81422265852,3.6095060903958687,0.0007465369370001797,38738.88065356421,3.690098730395868,0.000763205528520345
153,los_angeles,secondary_school,3890804.18388832,6182055.53662253,82692.55825490592,12367798.764542414,19592.0,3B-CA,CAMX,AbsorptionChiller,804.7164806387425,11.15,14.942,13289820.789084615,3.4157002411268307,0.0007064529971306786,13603390.969987217,3.4962928811268297,0.0007231215886508437
154,los_angeles,small_hotel,372311.7496972682,591562.0022967691,7912.865720232603,1143071.47714978,4014.0,3B-CA,CAMX,AbsorptionChiller,77.00346426003479,11.15,14.942,1231299.9299303733,3.307174514184847,0.0006840071384043117,1261305.5167414956,3.3877671541848478,0.0007006757299244773
155,los_angeles,small_office,15527.703098261163,24671.794922792757,330.01544984837733,50066.81552195389,511.0,3B-CA,CAMX,AbsorptionChiller,3.211520806258772,11.15,14.942,53746.4877877633,3.461328919522037,0.0007158901591565744,54997.90637358835,3.541921559522037,0.0007325587506767399
156,los_angeles,stand_alone_retail,48992.813580872746,77844.13713405348,1041.2605979721484,159194.58731834145,2294.0,3B-CA,CAMX,AbsorptionChiller,10.132950068432832,11.15,14.942,170804.6429857309,3.4863203498974924,0.0007210590175589436,174753.10317324128,3.5669129898974923,0.0007377276090791091
157,los_angeles,strip_mall,46946.748953050395,74593.16778095781,997.7749044154981,153034.41437453777,2090.0,3B-CA,CAMX,AbsorptionChiller,9.709772275708458,11.15,14.942,164159.60455877057,3.4967193302978266,0.0007232097890998607,167943.16699631413,3.5773119702978264,0.0007398783806200262
158,los_angeles,supermarket,29681.180776676327,47160.098345163475,630.8240287736267,99419.27762518726,4181.0,3B-CA,CAMX,AbsorptionChiller,6.138817120305341,11.15,14.942,106452.96554601319,3.5865475281113026,0.000741788527013713,108845.05026312279,3.6671401681113025,0.0007584571185338785
159,los_angeles,warehouse,2946.9747711806117,4682.41546976475,62.633037136825294,9741.044099379662,4835.0,3B-CA,CAMX,AbsorptionChiller,0.6095087427467656,11.15,14.942,10439.402463455264,3.542413245456136,0.0007326604437344645,10676.906940278106,3.623005885456136,0.00074932903525463
160,miami,full_service_restaurant,333075.1009053597,529219.3269940747,7078.956144575305,1147310.9278407905,569.52,1A,FRCC,AbsorptionChiller,68.88833524412817,11.15,14.942,1226241.288852805,3.6815759734656073,0.0007614428073351825,1253084.6905530347,3.762168613465608,0.0007781113988553481
161,miami,hospital,18181533.961485554,28888437.294360336,386418.2017947724,59760222.946767494,22422.0,1A,FRCC,AbsorptionChiller,3760.3999920342408,11.15,14.942,64068785.89677921,3.5238383093801597,0.0007288186782585645,65534083.71798498,3.604430949380159,0.0007454872697787299
162,miami,large_hotel,4501829.695100983,7152907.182215945,95678.88711987901,14898052.597888619,11345.0,1A,FRCC,AbsorptionChiller,931.0919741677317,11.15,14.942,15964872.18927527,3.5463074506458323,0.0007334658636289209,16327686.52923385,3.6269000906458317,0.0007501344551490862
163,miami,large_office,10589690.60717502,16825841.742511455,225066.22437115942,35996163.46016976,46320.0,1A,FRCC,AbsorptionChiller,2190.2152238211006,11.15,14.942,38505651.86190819,3.63614512361851,0.0007520465612447797,39359102.98472363,3.71673776361851,0.0007687151527649452
164,miami,medium_office,920468.298026496,1462521.8513087677,19563.019560723213,3182063.39843682,4982.0,1A,FRCC,AbsorptionChiller,190.37606991240867,11.15,14.942,3400191.066538884,3.693979546964265,0.0007640081793100858,3474374.0367131466,3.774572186964266,0.0007806767708302515
165,miami,midrise_apartment,405308.6893941922,643990.47314855,8614.160678591223,1383112.2544319972,3135.0,1A,FRCC,AbsorptionChiller,83.82806399052579,11.15,14.942,1479160.1459982893,3.649465665809347,0.0007548015854828018,1511825.0432915073,3.730058305809347,0.0007714701770029673
166,miami,outpatient_healthcare,2215771.0834806184,3520614.0548636243,47092.52142757439,7438855.856231522,3804.0,1A,FRCC,AbsorptionChiller,458.27736990292004,11.15,14.942,7963937.470148976,3.594205885943288,0.0007433724686542479,8142512.311402339,3.674798525943288,0.0007600410601744132
167,miami,primary_school,1356672.9030103134,2155602.5014497167,28833.82143197916,4729248.904269868,6871.0,1A,FRCC,AbsorptionChiller,280.5941888335705,11.15,14.942,5050746.013236435,3.722891495827303,0.0007699878998608693,5160083.8641065005,3.8034841358273033,0.0007866564913810348
168,miami,quick_service_restaurant,134955.77569957165,214429.73250042996,2868.260086201576,467244.85993062594,232.0,1A,FRCC,AbsorptionChiller,27.91225971035608,11.15,14.942,499225.9598917735,3.699181878685301,0.0007650841527787592,510102.4021386499,3.779774518685301,0.0007817527442989247
169,miami,secondary_school,13001265.61455965,20657566.476467013,276320.23186144076,44718861.45012231,19592.0,1A,FRCC,AbsorptionChiller,2688.989785844809,11.15,14.942,47799832.035377376,3.676552225950069,0.0007604037695863638,48847638.35459596,3.757144865950069,0.0007770723611065292
170,miami,small_hotel,882641.2277602147,1402418.8396634518,18759.068227330394,2978084.4384944844,4014.0,1A,FRCC,AbsorptionChiller,182.55247730304336,11.15,14.942,3187248.049229218,3.6110346412405416,0.0007468530798842898,3258382.435947255,3.691627281240542,0.0007635216714044554
171,miami,small_office,77860.89656315124,123712.31342811788,1654.8035882888503,269755.7613765819,511.0,1A,FRCC,AbsorptionChiller,16.10359804822156,11.15,14.942,288206.8213860026,3.7015605279120365,0.0007655761174585391,294481.83659279393,3.7821531679120373,0.0007822447089787047
172,miami,stand_alone_retail,494478.4787146058,785671.3606243168,10509.315934281065,1724233.4307668433,2294.0,1A,FRCC,AbsorptionChiller,102.27062641460306,11.15,14.942,1841412.3034340772,3.723948326772115,0.0007702064791669318,1881263.629456871,3.804540966772115,0.0007868750706870973
173,miami,strip_mall,395947.9090670562,629117.2332954352,8415.212894038516,1387413.6235644089,2090.0,1A,FRCC,AbsorptionChiller,81.89201842131462,11.15,14.942,1481243.2473329382,3.7410053530099097,0.000773734302587365,1513153.7346271323,3.82159799300991,0.0007904028941075305
174,miami,supermarket,431613.59909479733,685786.051895064,9173.227692761417,1510582.2588608381,4181.0,1A,FRCC,AbsorptionChiller,89.2685830599374,11.15,14.942,1612863.747635128,3.736823285961588,0.0007728693455970192,1647648.6270460791,3.8174159259615874,0.0007895379371171846
175,miami,warehouse,417101.76681913476,662728.3628348473,8864.802884129362,1505610.1717887234,4835.0,1A,FRCC,AbsorptionChiller,86.26716997293377,11.15,14.942,1604452.7239467658,3.8466696897078707,0.0007955883536107282,1638068.0564833845,3.927262329707871,0.0008122569451308937
176,minneapolis,full_service_restaurant,58445.38786568652,92863.22738659082,1242.1593101053923,211120.76363228564,569.52,6A,MROW,AbsorptionChiller,12.087980944299177,11.15,14.942,224970.83993996077,3.8492488142429098,0.0007961217816427941,229681.1080438804,3.929841454242909,0.0008127903731629595
177,minneapolis,hospital,12220318.45247957,19416728.20782862,259722.50151003368,35317935.19065137,22422.0,6A,MROW,AbsorptionChiller,2527.47020733807,11.15,14.942,38213841.082488246,3.1270740800322145,0.000646757824205215,39198708.80821429,3.207666720032215,0.0006634264157253805
178,minneapolis,large_hotel,2759755.958306853,4384945.578198663,58654.01330054804,8047044.772466393,11345.0,6A,MROW,AbsorptionChiller,570.7871682123791,11.15,14.942,8701037.020767504,3.152828421142609,0.0006520844717978509,8923453.039203182,3.2334210611426086,0.0006687530633180163
179,minneapolis,large_office,3170163.0869383183,5037036.904801991,67376.53280772915,11026491.981137678,46320.0,6A,MROW,AbsorptionChiller,655.6697180844506,11.15,14.942,11777740.321943859,3.7151843608521005,0.0007683938698763393,12033232.134350767,3.795777000852101,0.0007850624613965048
180,minneapolis,medium_office,234904.38351073337,373236.96491149854,4992.501164214781,834459.1657593519,4982.0,6A,MROW,AbsorptionChiller,48.584153776780425,11.15,14.942,890125.5537403467,3.7893101032730394,0.0007837249438000082,909057.1181550492,3.8699027432730393,0.0008003935353201735
181,minneapolis,midrise_apartment,91041.63081959124,144655.03563557277,1934.9381270190495,317558.5637229153,3135.0,6A,MROW,AbsorptionChiller,18.829706477681746,11.15,14.942,339133.1238391777,3.7250334905709934,0.0007704309184221289,346470.40921683394,3.8056261305709937,0.0007870995099422944
182,minneapolis,outpatient_healthcare,859087.7428124285,1364994.969135294,18258.47816057337,2689108.348154403,3804.0,6A,MROW,AbsorptionChiller,177.68102229833062,11.15,14.942,2892690.379644796,3.3671652329421957,0.000696414732769844,2961926.52882969,3.447757872942195,0.0007130833242900093
183,minneapolis,primary_school,252154.34036805455,400645.22969590855,5359.120247289047,915282.4166515946,6871.0,6A,MROW,AbsorptionChiller,52.15188011748801,11.15,14.942,975036.6074088675,3.866824604270801,0.0007997568985048193,995358.3913865875,3.947417244270801,0.0008164254900249847
184,minneapolis,quick_service_restaurant,23566.730710415573,37444.91657321585,500.871583365366,85733.71650107965,232.0,6A,MROW,AbsorptionChiller,4.874194562650584,11.15,14.942,91318.43465560347,3.874887687126,0.0008014245474924508,93217.73969972495,3.955480327126,0.0008180931390126164
185,minneapolis,secondary_school,3210837.3087884746,5101663.723963902,68240.9956027844,11416409.587968932,19592.0,6A,MROW,AbsorptionChiller,664.0821734826214,11.15,14.942,12177296.68893998,3.7925611041111154,0.0007843973328047808,12436066.544265738,3.8731537441111152,0.0008010659243249462
186,minneapolis,small_hotel,282436.0612098215,448759.5194778272,6002.707754246085,919044.9752807034,4014.0,6A,MROW,AbsorptionChiller,58.41490407648842,11.15,14.942,985975.1667405473,3.4909676990859437,0.0007220202066361827,1008737.4345446484,3.5715603390859436,0.0007386887981563482
187,minneapolis,small_office,14392.478470317683,22868.049125060355,305.8881424224856,51552.40190006433,511.0,6A,MROW,AbsorptionChiller,2.9767277084421266,11.15,14.942,54963.05468807505,3.8188735040617265,0.0007898394010468928,56122.98252414111,3.8994661440617264,0.0008065079925670582
188,minneapolis,stand_alone_retail,72166.95675186455,114665.27572796278,1533.7883874996285,261654.6216121695,2294.0,6A,MROW,AbsorptionChiller,14.92594762189546,11.15,14.942,278756.3621327903,3.86265923740214,0.0007988953955330176,284572.4876981889,3.94325187740214,0.0008155639870531831
189,minneapolis,strip_mall,66433.46329682377,105555.39168273122,1411.93253993516,241071.0111684842,2090.0,6A,MROW,AbsorptionChiller,13.740116503996644,11.15,14.942,256814.05898876124,3.865733415723333,0.0007995312131795933,262168.10718019534,3.9463260557233326,0.0008161998046997585
190,minneapolis,supermarket,71679.7319896904,113891.12971695238,1523.4332372208867,261351.77669492975,4181.0,6A,MROW,AbsorptionChiller,14.82517724709212,11.15,14.942,278338.05728994263,3.8830789340838447,0.0008031187040504332,284114.9161254842,3.963671574083844,0.0008197872955705986
191,minneapolis,warehouse,14570.77077760158,23151.335791078087,309.67744825995925,54809.913587979034,4835.0,6A,MROW,AbsorptionChiller,3.013603056380885,11.15,14.942,58262.81713607758,3.998609135052767,0.0008270132647472114,59437.114019879344,4.079201775052766,0.0008436818562673767
192,phoenix,full_service_restaurant,266638.07857127185,423658.28039657604,5666.9479632347575,1281413.8844955736,569.52,2B,AZNM,AbsorptionChiller,55.14748264142127,11.15,14.942,1344600.354285641,5.042791942885352,0.0010429766169359571,1366089.4209622273,5.123384582885352,0.0010596452084561225
193,phoenix,hospital,16674461.267935596,26493866.236831024,354387.8834811931,65236261.47974736,22422.0,2B,AZNM,AbsorptionChiller,3448.6993315275276,11.15,14.942,69187686.38056266,4.149320644835954,0.0008581842078254299,70531525.23472334,4.229913284835954,0.0008748527993455954
194,phoenix,large_hotel,3981322.8122200817,6325879.579416324,84616.38083571747,16224886.099571435,11345.0,2B,AZNM,AbsorptionChiller,823.4380170051875,11.15,14.942,17168358.745889686,4.312224744297033,0.0008918768861007308,17489224.062018726,4.392817384297032,0.000908545477620896
195,phoenix,large_office,8387812.171068958,13327301.560698466,178268.96800911927,36962301.17975826,46320.0,2B,AZNM,AbsorptionChiller,1734.8112039439416,11.15,14.942,38950000.17305994,4.643642391922575,0.000960422418184607,39625996.09975052,4.724235031922575,0.0009770910097047724
196,phoenix,medium_office,838239.4245932477,1331869.3079648295,17815.38190402187,3941787.766071306,4982.0,2B,AZNM,AbsorptionChiller,173.3690640316955,11.15,14.942,4140429.27430115,4.9394351456450245,0.0010215998232978333,4207985.202481201,5.020027785645024,0.001038268414817999
197,phoenix,midrise_apartment,365488.4260348538,580720.4991442706,7767.847347994069,1708180.2624522133,3135.0,2B,AZNM,AbsorptionChiller,75.59222875591598,11.15,14.942,1794791.7603823473,4.910666474049145,0.0010156497361011674,1824247.4375259406,4.991259114049145,0.001032318327621333
198,phoenix,outpatient_healthcare,1924976.0250693748,3058573.017610228,40912.157119474694,8348475.386033629,3804.0,2B,AZNM,AbsorptionChiller,398.1336142852895,11.15,14.942,8804645.937915772,4.573899011338834,0.0009459977272675975,8959784.83771282,4.654491651338835,0.000962666318787763
199,phoenix,primary_school,1117634.0042763494,1775796.251239076,23753.448037553364,5355767.528545255,6871.0,2B,AZNM,AbsorptionChiller,231.15491298373308,11.15,14.942,5620618.474163975,5.0290331652921,0.0010401309545588625,5710691.549122377,5.109625805292101,0.0010567995460790281
200,phoenix,quick_service_restaurant,119619.07263903387,190061.41541535332,2542.3040238216017,577355.8487704094,232.0,2B,AZNM,AbsorptionChiller,24.74024253134103,11.15,14.942,605702.5386360203,5.0635950043168,0.0010472792149569389,615342.9554943517,5.144187644316799,0.0010639478064771043
201,phoenix,secondary_school,11281158.855991058,17924507.960074607,239762.22955266174,51636435.92507391,19592.0,2B,AZNM,AbsorptionChiller,2333.228305272194,11.15,14.942,54309784.78458609,4.81420264335201,0.000995698581872184,55218963.15904978,4.89479528335201,0.0010123671733923494
202,phoenix,small_hotel,733770.7055353516,1165880.1210172707,15595.073394977959,3277485.01012842,4014.0,2B,AZNM,AbsorptionChiller,151.76229690493312,11.15,14.942,3451370.078482424,4.703608433051766,0.0009728249085939537,3510506.5967961806,4.784201073051766,0.000989493500114119
203,phoenix,small_office,71996.84106732268,114394.98080696819,1530.172862150823,339311.2283823942,511.0,2B,AZNM,AbsorptionChiller,14.890763405857843,11.15,14.942,356372.6557953759,4.949837388867375,0.0010237512696726733,362175.0712886518,5.030430028867374,0.0010404198611928385
204,phoenix,stand_alone_retail,401983.2397528322,638706.7031628354,8543.483788880223,1950487.9404113377,2294.0,2B,AZNM,AbsorptionChiller,83.14027709469126,11.15,14.942,2045747.7846573521,5.0891370145561865,0.001052561947167774,2078144.6751847859,5.169729654556186,0.0010692305386879393
205,phoenix,strip_mall,314040.56571715436,498975.5655283665,6674.408823375267,1532387.7307532055,2090.0,2B,AZNM,AbsorptionChiller,64.95151307490266,11.15,14.942,1606807.3891338396,5.116559975188162,0.0010582337073812124,1632116.7473920786,5.197152615188162,0.0010749022989013778
206,phoenix,supermarket,476932.2068895614,757792.2842800801,10136.39917042612,2362393.118391487,4181.0,2B,AZNM,AbsorptionChiller,98.64161466175003,11.15,14.942,2475413.969141738,5.190284768742711,0.001073481854962298,2513851.194795994,5.270877408742711,0.0010901504464824636
207,phoenix,warehouse,157690.34950958707,250552.44422078814,3351.445561577096,790162.8943519138,4835.0,2B,AZNM,AbsorptionChiller,32.61434322845648,11.15,14.942,827531.5123634984,5.24782597626995,0.0010853828285977145,840240.1939329988,5.328418616269951,0.00110205142011788
208,san_francisco,full_service_restaurant,11326.412683080798,17996.41126311727,240.72402422441013,40270.4606708324,569.52,3C,CAMX,AbsorptionChiller,2.342587938589617,11.15,14.942,42954.53354093457,3.7924217263511264,0.0007843685059671409,43867.35904079353,3.873014366351126,0.0008010370974873063
209,san_francisco,hospital,13677543.281808356,21732096.547762237,290693.38654936646,38621308.012838386,22422.0,3C,CAMX,AbsorptionChiller,2828.861071728719,11.15,14.942,41862539.27286382,3.0606767904395933,0.0006330251893360069,42964848.59465902,3.1412694304395936,0.0006496937808561724
210,san_francisco,large_hotel,2900597.843419503,4608727.684544292,61647.37283214219,8333960.896091124,11345.0,3C,CAMX,AbsorptionChiller,599.9168238716655,11.15,14.942,9021329.10316951,3.1101619701041705,0.0006432599731342649,9255095.940948993,3.19075461010417,0.0006599285646544301
211,san_francisco,large_office,3282700.888418669,5215846.967154113,69768.33621519155,10330971.66971482,46320.0,3C,CAMX,AbsorptionChiller,678.9453750607381,11.15,14.942,11108888.618514206,3.384069702392392,0.0006999110035971855,11373450.149442213,3.4646623423923923,0.0007165795951173511
212,san_francisco,medium_office,170053.08318796114,270195.4543986492,3614.1948613547997,549727.6202314465,4982.0,3C,CAMX,AbsorptionChiller,35.171268498027125,11.15,14.942,590025.8929355525,3.469657132199078,0.0007176126436812984,603730.9198498098,3.5502497721990776,0.0007342812352014638
213,san_francisco,midrise_apartment,68170.2860357162,108315.01003452715,1448.8458125457605,214156.7012765654,3135.0,3C,CAMX,AbsorptionChiller,14.099335271089183,11.15,14.942,230311.33208645062,3.3784709655726615,0.0006987530435517397,235805.35540762416,3.459063605572662,0.0007154216350719053
214,san_francisco,outpatient_healthcare,935618.1339681877,1486593.257304999,19885.004073937132,2746238.468939388,3804.0,3C,CAMX,AbsorptionChiller,193.50943825608846,11.15,14.942,2967956.264363787,3.172187622931111,0.0006560884432122256,3043360.1998121566,3.2527802629311107,0.0006727570347323911
215,san_francisco,primary_school,185266.11317057564,294367.2687043588,3937.5224585852957,606595.5830317249,6871.0,3C,CAMX,AbsorptionChiller,38.31770696392464,11.15,14.942,650498.958444951,3.5111599596523764,0.0007261964756261378,665430.0436079064,3.5917525996523763,0.0007428650671463033
216,san_francisco,quick_service_restaurant,3472.5962586700903,5517.569610998038,73.80424581760158,12794.03916211975,232.0,3C,CAMX,AbsorptionChiller,0.7182205291975368,11.15,14.942,13616.956502986008,3.921261064826733,0.0008110157321254877,13896.822203126354,4.0018537048267335,0.0008276843236456532
217,san_francisco,secondary_school,2586770.5593144875,4110090.999799688,54977.496953963855,8388515.49630264,19592.0,3C,CAMX,AbsorptionChiller,535.0094228158196,11.15,14.942,9001514.587339338,3.4798272134830555,0.0007197160731092152,9209989.255788768,3.560419853483055,0.0007363846646293806
218,san_francisco,small_hotel,271737.0067503561,431759.9107255675,5775.317183467572,810422.2513050792,4014.0,3C,CAMX,AbsorptionChiller,56.20206964847076,11.15,14.942,874817.0379007426,3.21935185922039,0.0006658431973568542,896717.0406604516,3.29994449922039,0.0006825117888770196
219,san_francisco,small_office,7105.732828875942,11290.219939213957,151.02050838970987,23623.569190302525,511.0,3C,CAMX,AbsorptionChiller,1.469644845682718,11.15,14.942,25307.44785884779,3.5615535326637358,0.0007366191380897075,25880.11762666157,3.6421461726637356,0.0007532877296098729
220,san_francisco,stand_alone_retail,12249.044525333578,19462.370745807777,260.33302631175656,41392.45807915812,2294.0,3C,CAMX,AbsorptionChiller,2.533411484040037,11.15,14.942,44295.1713225342,3.616214410105421,0.0007479243867849889,45282.354158308386,3.6968070501054213,0.0007645929783051544
221,san_francisco,strip_mall,12205.814893220579,19393.683663672702,259.4142525305814,42087.222727058295,2090.0,3C,CAMX,AbsorptionChiller,2.5244705053196648,11.15,14.942,44979.691642774276,3.685103537639027,0.0007621723966161379,45963.39048837024,3.765696177639027,0.0007788409881363034
222,san_francisco,supermarket,8628.03831147981,13708.994206017951,183.37457424665092,31675.4571238252,4181.0,3C,CAMX,AbsorptionChiller,1.7844960313298468,11.15,14.942,33720.083626675354,3.9081981800903667,0.0008083139979504377,34415.440012218656,3.988790820090367,0.0008249825894706033
223,san_francisco,warehouse,1529.0296860804071,2429.4582789944216,32.496977594828905,5550.380383283136,4835.0,3C,CAMX,AbsorptionChiller,0.31624192059574086,11.15,14.942,5912.721683465478,3.866976382010248,0.0007997882899710958,6035.95022250507,3.9475690220102484,0.0008164568814912613
224,seattle,full_service_restaurant,15625.237092130605,24826.765601940824,332.08837233141503,57258.54915467102,569.52,4C,NWPP,AbsorptionChiller,3.2316932972348718,11.15,14.942,60961.3345061663,3.9014662079507567,0.0008069216562462785,62220.61361404702,3.982058847950756,0.0008235902477664439
225,seattle,hospital,13382720.384986538,21263655.722811837,284427.4172489127,36706484.414070144,22422.0,4C,NWPP,AbsorptionChiller,2767.8842574946307,11.15,14.942,39877850.11639552,2.9798014879794286,0.0006162981360867484,40956398.8826034,3.0603941279794284,0.0006329667276069138
226,seattle,large_hotel,2635595.468856204,4187668.356071544,56015.189031424045,7418080.397841465,11345.0,4C,NWPP,AbsorptionChiller,545.1076460922862,11.15,14.942,8042649.755541842,3.051549393895488,0.0006311374134220244,8255059.352349003,3.132142033895488,0.0006478060049421899
227,seattle,large_office,2131356.6276067356,3386488.863864035,45298.43285873516,7073985.849292094,46320.0,4C,NWPP,AbsorptionChiller,440.81833042538483,11.15,14.942,7579063.375666991,3.5559808609680648,0.0007354665689696101,7750835.033067315,3.636573500968065,0.0007521351604897756
228,seattle,medium_office,123303.73380321776,195915.93259844676,2620.615355764388,424006.64759372186,4982.0,4C,NWPP,AbsorptionChiller,25.502323433964378,11.15,14.942,453226.5088104948,3.675691682895877,0.0007602257875689508,463163.8822395534,3.7562843228958775,0.0007768943790891163
229,seattle,midrise_apartment,43240.359102575974,68704.1261296485,919.0017654600797,144023.11657315644,3135.0,4C,NWPP,AbsorptionChiller,8.943197332487275,11.15,14.942,154269.98625803634,3.56773138474805,0.0007378968737844985,157754.84095266095,3.64832402474805,0.000754565465304664
230,seattle,outpatient_healthcare,806348.7142857026,1281198.512698397,17137.5980076188,2348006.2060799277,3804.0,4C,NWPP,AbsorptionChiller,166.77326045205845,11.15,14.942,2539090.4238648773,3.148873903909067,0.0006512665778508928,2604076.1955097676,3.229466543909067,0.0006679351693710583
231,seattle,primary_school,101668.41028054242,161539.80744575086,2160.7926131624663,355641.31658786064,6871.0,4C,NWPP,AbsorptionChiller,21.027592612314876,11.15,14.942,379734.1542246221,3.7350259847359557,0.0007724976183528347,387927.8798137342,3.815618624735956,0.0007891662098730002
232,seattle,quick_service_restaurant,5063.349115665304,8045.099150445992,107.61304653827312,18954.49273907279,232.0,4C,NWPP,AbsorptionChiller,1.0472283589793805,11.15,14.942,20154.378207974536,3.980444118620947,0.0008232562809970935,20562.446880447667,4.061036758620947,0.000839924872517259
233,seattle,secondary_school,1407931.6389288323,2237046.9374091467,29923.240432700804,4824452.650744603,19592.0,4C,NWPP,AbsorptionChiller,291.19578881671816,11.15,14.942,5158096.781569217,3.6635988843134077,0.0007577246916883987,5271565.709290018,3.744191524313407,0.0007743932832085641
234,seattle,small_hotel,209813.83973616484,333370.8786919055,4459.243473859287,635778.0473454219,4014.0,4C,NWPP,AbsorptionChiller,43.394796222578044,11.15,14.942,685498.612078953,3.2671753824292464,0.0006757343086720262,702408.0633318273,3.347768022429246,0.0006924029001921915
235,seattle,small_office,5982.7171709288405,9505.872838253565,127.15268227280706,21034.661423690486,511.0,4C,NWPP,AbsorptionChiller,1.2373768709263373,11.15,14.942,22452.413831032285,3.7528790329806716,0.0007761900792100665,22934.57680221077,3.833471672980671,0.0007928586707302319
236,seattle,stand_alone_retail,17188.440398590796,27310.521966649856,365.31165327138274,62815.24281141853,2294.0,4C,NWPP,AbsorptionChiller,3.5550031848171244,11.15,14.942,66888.46774539445,3.8914797500114284,0.0008048562047593441,68273.72953459954,3.9720723900114288,0.0008215247962795096
237,seattle,strip_mall,17693.59298662469,28113.15330097036,376.0478296090638,64757.59448631166,2090.0,4C,NWPP,AbsorptionChiller,3.659481486375324,11.15,14.942,68950.52778645272,3.896920644584468,0.0008059815190453915,70376.5011563303,3.977513284584469,0.0008226501105655572
238,seattle,supermarket,14366.342170966967,22826.521449425287,305.33265894028506,54154.34976687887,4181.0,4C,NWPP,AbsorptionChiller,2.971322062247563,11.15,14.942,57558.80891406305,4.00650410724478,0.0008286461442078138,58716.63035676461,4.087096747244781,0.0008453147357279794
239,seattle,warehouse,3078.085706382475,4890.736177918819,65.41958154631553,11902.327131904594,4835.0,4C,NWPP,AbsorptionChiller,0.6366257924265719,11.15,14.942,12631.755466146013,4.1037698982695,0.000848763164068149,12879.82651936964,4.1843625382695,0.0008654317555883144
