,eGRID_subregion,climate_zone,chiller_type,scope,WC_mean,WC_std,percent_diff-mean,percent_diff-std
0,AZNM,2B,AirCooledChiller,PoG,2.31156042671152,3.873770308599564,0.0,0.0
1,AZNM,2B,WaterCooledChiller,PoG,3.5255531803923996,5.946882136098677,49.30664336289182,6.723716849141863
2,AZNM,3B,AirCooledChiller,PoG,2.31156042671152,3.873770308599564,0.0,0.0
3,AZNM,3B,WaterCooledChiller,PoG,3.5859328055203057,6.0569325904594535,51.044431609842114,8.361179963239572
4,AZNM,4B,AirCooledChiller,PoG,2.3115604267115195,3.810777975408556,0.0,0.0
5,AZNM,4B,WaterCooledChiller,PoG,3.341020947688719,5.5772838548881065,40.37747451251823,8.37133411911455
6,AZNM,5B,AirCooledChiller,PoG,2.31156042671152,3.873770308599564,0.0,0.0
7,AZNM,5B,WaterCooledChiller,PoG,3.3488422499668555,5.714387091083708,39.51799245774991,9.860419655556049
8,AZNM,6B,AirCooledChiller,PoG,2.31156042671152,3.873770308599564,0.0,0.0
9,AZNM,6B,WaterCooledChiller,PoG,3.244656419491026,5.542127492492118,34.75196549745492,10.593748395222716
10,CAMX,2B,AirCooledChiller,PoG,2.285832442510097,3.8306547144113763,0.0,0.0
11,CAMX,2B,WaterCooledChiller,PoG,3.5078303031655245,5.917182772476162,50.21181523832841,6.799395047439651
12,CAMX,3B,AirCooledChiller,PoG,2.285832442510097,3.8306547144113763,0.0,0.0
13,CAMX,3B,WaterCooledChiller,PoG,3.5682099282934434,6.027233096986422,51.96916300667712,8.455288482302802
14,CAMX,3B-CA,AirCooledChiller,PoG,2.285832442510097,3.8306547144113763,0.0,0.0
15,CAMX,3B-CA,WaterCooledChiller,PoG,2.724222857074724,4.623535695960122,17.110794676769796,2.3722940451687182
16,CAMX,3C,AirCooledChiller,PoG,2.285832442510097,3.8306547144113763,0.0,0.0
17,CAMX,3C,WaterCooledChiller,PoG,2.849162977112517,4.904400139072067,19.71022587584843,6.08987268428957
18,CAMX,4B,AirCooledChiller,PoG,2.285832442510097,3.8306547144113763,0.0,0.0
19,CAMX,4B,WaterCooledChiller,PoG,3.3232980704618504,5.6397787887674085,41.1821449203791,8.605492968276478
20,CAMX,4C,AirCooledChiller,PoG,2.285832442510097,3.8306547144113763,0.0,0.0
21,CAMX,4C,WaterCooledChiller,PoG,2.905427238835183,4.9613434014511615,22.56458837975595,7.466451320908187
22,CAMX,5B,AirCooledChiller,PoG,2.285832442510097,3.8306547144113763,0.0,0.0
23,CAMX,5B,WaterCooledChiller,PoG,3.3311193727399933,5.684690696828835,40.31298904161805,9.971402733916845
24,CAMX,6B,AirCooledChiller,PoG,2.285832442510097,3.8306547144113763,0.0,0.0
25,CAMX,6B,WaterCooledChiller,PoG,3.2269335422641623,5.512431962101428,35.49331848782702,10.712985390144292
26,ERCT,2A,AirCooledChiller,PoG,1.1597383647713304,1.9435183226364088,0.0,0.0
27,ERCT,2A,WaterCooledChiller,PoG,2.0702421045371207,3.478158305753432,75.98774960470935,7.699290150432583
28,ERCT,2B,AirCooledChiller,PoG,1.1597383647713304,1.9435183226364088,0.0,0.0
29,ERCT,2B,WaterCooledChiller,PoG,2.732113599927977,4.617278005675397,129.17873398864043,13.4015380201557
30,ERCT,3A,AirCooledChiller,PoG,1.1597383647713306,1.911914292456674,0.0,0.0
31,ERCT,3A,WaterCooledChiller,PoG,2.114133228521634,3.50723528481626,78.40516153600122,8.489689307290988
32,ERCT,3B,AirCooledChiller,PoG,1.1597383647713304,1.9435183226364088,0.0,0.0
33,ERCT,3B,WaterCooledChiller,PoG,2.792493225055884,4.7273207331495035,132.64244844673388,16.6652870257283
34,ERCT,4B,AirCooledChiller,PoG,1.1597383647713304,1.9435183226364088,0.0,0.0
35,ERCT,4B,WaterCooledChiller,PoG,2.547581367224319,4.339963044821971,111.38134624592662,16.96133852963332
36,FRCC,1A,AirCooledChiller,PoG,2.1393808401328354,3.585227485955589,0.0,0.0
37,FRCC,1A,WaterCooledChiller,PoG,2.680467884627622,4.492445609224858,24.919963907600273,1.8072134859131512
38,FRCC,2A,AirCooledChiller,PoG,2.1393808401328354,3.585227485955589,0.0,0.0
39,FRCC,2A,WaterCooledChiller,PoG,2.745074737406333,4.60903670211376,26.944676300085842,4.173713254533702
40,MROE,5A,AirCooledChiller,PoG,0.9750906012335019,1.6340810197320073,0.0,0.0
41,MROE,5A,WaterCooledChiller,PoG,1.945308175090813,3.295761814347062,93.8571727855211,11.64371166110222
42,MROE,6A,AirCooledChiller,PoG,0.9750906012335019,1.6340810197320073,0.0,0.0
43,MROE,6A,WaterCooledChiller,PoG,1.964787668819029,3.3273239577745963,95.95323629668378,12.063061838658147
44,MROE,7,AirCooledChiller,PoG,0.9750906012335019,1.6340810197320073,0.0,0.0
45,MROE,7,WaterCooledChiller,PoG,1.910605959964963,3.244593634896703,89.079976301799,13.281204375619652
46,MROW,5A,AirCooledChiller,PoG,1.2824410586549926,2.1491465410723576,0.0,0.0
47,MROW,5A,WaterCooledChiller,PoG,2.1570283930394565,3.6505521684269144,63.90642481470357,8.853173974408849
48,MROW,6A,AirCooledChiller,PoG,1.2824410586549926,2.1491465410723576,0.0,0.0
49,MROW,6A,WaterCooledChiller,PoG,2.176507886767697,3.682117168146121,65.50014470969332,9.172022481328124
50,MROW,6B,AirCooledChiller,PoG,1.2824410586549926,2.1491465410723576,0.0,0.0
51,MROW,6B,WaterCooledChiller,PoG,2.535741330416293,4.354358485282724,87.60768795906661,19.09490451484591
52,MROW,7,AirCooledChiller,PoG,1.2824410586549926,2.1491465410723576,0.0,0.0
53,MROW,7,WaterCooledChiller,PoG,2.122326177913613,3.5993801606549822,60.27413359938115,10.09822437633019
54,NEWE,4A,AirCooledChiller,PoG,1.5990931719031551,2.679800008003802,0.0,0.0
55,NEWE,4A,WaterCooledChiller,PoG,2.3884579516198783,4.027793435355452,46.0342441198652,7.007565498132023
56,NEWE,5A,AirCooledChiller,PoG,1.5990931719031551,2.679800008003802,0.0,0.0
57,NEWE,5A,WaterCooledChiller,PoG,2.3751561127547722,4.016082789651167,45.09042062579038,7.100070217105874
58,NEWE,6A,AirCooledChiller,PoG,1.5990931719031551,2.679800008003802,0.0,0.0
59,NEWE,6A,WaterCooledChiller,PoG,2.394635606483019,4.047650185875389,46.36855242276649,7.355780405807199
60,NEWE,7,AirCooledChiller,PoG,1.5990931719031551,2.679800008003802,0.0,0.0
61,NEWE,7,WaterCooledChiller,PoG,2.340453897628929,3.964907591548728,42.17739499766024,8.098575984966955
62,NWPP,3B,AirCooledChiller,PoG,2.2066694141980623,3.697991347678521,0.0,0.0
63,NWPP,3B,WaterCooledChiller,PoG,3.5136779983646127,5.93585009938806,54.949739126704394,8.758617217098966
64,NWPP,4B,AirCooledChiller,PoG,2.206669414198063,3.6378573994696395,0.0,0.0
65,NWPP,4B,WaterCooledChiller,PoG,3.268766140533035,5.458177134920234,43.77574281310105,8.769254036883735
66,NWPP,4C,AirCooledChiller,PoG,2.2066694141980623,3.697991347678521,0.0,0.0
67,NWPP,4C,WaterCooledChiller,PoG,2.850895308906366,4.869971417369073,24.490291867431736,7.734306076815208
68,NWPP,5B,AirCooledChiller,PoG,2.2066694141980623,3.697991347678521,0.0,0.0
69,NWPP,5B,WaterCooledChiller,PoG,3.276587442811165,5.5933174453373065,42.87540645438207,10.329121217654485
70,NWPP,6A,AirCooledChiller,PoG,2.2066694141980623,3.697991347678521,0.0,0.0
71,NWPP,6A,WaterCooledChiller,PoG,2.8131681686867442,4.749021330505832,25.034682225489142,5.330466877039879
72,NWPP,6B,AirCooledChiller,PoG,2.2066694141980623,3.697991347678521,0.0,0.0
73,NWPP,6B,WaterCooledChiller,PoG,3.1724016123353462,5.421061436572334,37.882832921085225,11.097307735980964
74,NWPP,7,AirCooledChiller,PoG,2.2066694141980623,3.697991347678521,0.0,0.0
75,NWPP,7,WaterCooledChiller,PoG,2.758986459832666,4.666270550153575,21.997502674384222,5.868743852786786
76,NYCW,4A,AirCooledChiller,PoG,1.1439057591089348,1.9169856492898438,0.0,0.0
77,NYCW,4A,WaterCooledChiller,PoG,2.0748993545291374,3.5023406477915184,76.7335301157331,9.796043118502903
78,NYCW,5A,AirCooledChiller,PoG,1.1439057591089348,1.9169856492898438,0.0,0.0
79,NYCW,5A,WaterCooledChiller,PoG,2.0615975156640243,3.4906333924792796,75.41413671916793,9.925357673743356
80,NYLI,4A,AirCooledChiller,PoG,0.8648560843089969,1.4493472815565038,0.0,0.0
81,NYLI,4A,WaterCooledChiller,PoG,1.8826743015300291,3.180217937229334,111.53114483006345,12.956780143018014
82,NYUP,4A,AirCooledChiller,PoG,1.4664950994805006,2.457588868726266,0.0,0.0
83,NYUP,4A,WaterCooledChiller,PoG,2.297116968989097,3.8747262921449286,53.00989717082649,7.641178033059076
84,NYUP,5A,AirCooledChiller,PoG,1.4664950994805006,2.457588868726266,0.0,0.0
85,NYUP,5A,WaterCooledChiller,PoG,2.283815130123991,3.8630165374717707,51.980734710355485,7.74204687640384
86,NYUP,6A,AirCooledChiller,PoG,1.4664950994805006,2.457588868726266,0.0,0.0
87,NYUP,6A,WaterCooledChiller,PoG,2.3032946238522123,3.89458298737489,53.37443308005772,8.020877959383807
88,RFCE,4A,AirCooledChiller,PoG,1.4684741751882853,2.4609054528945813,0.0,0.0
89,RFCE,4A,WaterCooledChiller,PoG,2.2984802672373283,3.8770108738518303,52.896522112192756,7.6308799494609305
90,RFCE,5A,AirCooledChiller,PoG,1.4684741751882853,2.4609054528945813,0.0,0.0
91,RFCE,5A,WaterCooledChiller,PoG,2.2851784283722094,3.865301105353268,51.86874666311752,7.731612850966983
92,RFCE,6A,AirCooledChiller,PoG,1.4684741751882853,2.4609054528945813,0.0,0.0
93,RFCE,6A,WaterCooledChiller,PoG,2.3046579221004193,3.896867569951773,53.2605667331289,8.01006815081488
94,RFCM,5A,AirCooledChiller,PoG,1.3022318157330084,2.18231238275558,0.0,0.0
95,RFCM,5A,WaterCooledChiller,PoG,2.170661375521676,3.6733977551561696,62.46233938682683,8.718627257490533
96,RFCM,6A,AirCooledChiller,PoG,1.3022318157330084,2.18231238275558,0.0,0.0
97,RFCM,6A,WaterCooledChiller,PoG,2.1901408692499045,3.7049629191676443,64.03183861472414,9.032630042402886
98,RFCW,4A,AirCooledChiller,PoG,1.2962945886096089,2.172362630250602,0.0,0.0
99,RFCW,4A,WaterCooledChiller,PoG,2.179873319642132,3.6782525781928674,64.05522425765753,8.644447209925483
100,RFCW,5A,AirCooledChiller,PoG,1.2962945886096089,2.172362630250602,0.0,0.0
101,RFCW,5A,WaterCooledChiller,PoG,2.166571480777001,3.666544077955129,62.8909351229708,8.758559901419105
102,RFCW,6A,AirCooledChiller,PoG,1.2962945886096089,2.172362630250602,0.0,0.0
103,RFCW,6A,WaterCooledChiller,PoG,2.186050974505248,3.6981091929021535,64.4676228969526,9.074000867027046
104,RFCW,7,AirCooledChiller,PoG,1.2962945886096089,2.172362630250602,0.0,0.0
105,RFCW,7,WaterCooledChiller,PoG,2.1318692656511757,3.615371916331223,59.297462287058195,9.990304421167645
106,RMPA,4A,AirCooledChiller,PoG,0.9281865069586288,1.555477974942794,0.0,0.0
107,RMPA,4A,WaterCooledChiller,PoG,1.926299845473076,3.25332357822753,101.79840001679312,12.072735442434645
108,RMPA,4B,AirCooledChiller,PoG,0.9281865069586288,1.555477974942794,0.0,0.0
109,RMPA,4B,WaterCooledChiller,PoG,2.3880754721825066,4.072701693376765,146.92932467337374,21.19263193681663
110,RMPA,5A,AirCooledChiller,PoG,0.9281865069586288,1.555477974942794,0.0,0.0
111,RMPA,5A,WaterCooledChiller,PoG,1.9129980066079757,3.2416183202595112,100.17236721676497,12.232103913499333
112,RMPA,5B,AirCooledChiller,PoG,0.9281865069586288,1.555477974942794,0.0,0.0
113,RMPA,5B,WaterCooledChiller,PoG,2.3958967744606245,4.117717553817389,144.78886616595798,24.556439568647868
114,RMPA,6A,AirCooledChiller,PoG,0.9281865069586288,1.555477974942794,0.0,0.0
115,RMPA,6A,WaterCooledChiller,PoG,1.932477500336204,3.2731799704327873,102.37435120814338,12.672645134122162
116,RMPA,6B,AirCooledChiller,PoG,0.9281865069586288,1.555477974942794,0.0,0.0
117,RMPA,6B,WaterCooledChiller,PoG,2.2917109439848065,3.945526464079504,132.91952823499437,26.382725214548383
118,RMPA,7,AirCooledChiller,PoG,0.9281865069586288,1.555477974942794,0.0,0.0
119,RMPA,7,WaterCooledChiller,PoG,1.878295791482126,3.19045080475311,95.15376442886664,13.952344127641496
120,SPNO,3A,AirCooledChiller,PoG,1.5159719921755206,2.5405034729342826,0.0,0.0
121,SPNO,3A,WaterCooledChiller,PoG,2.359526913201346,3.9764346261763617,52.66949519453725,6.602081220513153
122,SPNO,4A,AirCooledChiller,PoG,1.5159719921755206,2.5405034729342826,0.0,0.0
123,SPNO,4A,WaterCooledChiller,PoG,2.3311994251946184,3.9318408582865763,50.26432623381753,7.391792327018132
124,SPNO,4B,AirCooledChiller,PoG,1.5159719921755206,2.5405034729342826,0.0,0.0
125,SPNO,4B,WaterCooledChiller,PoG,2.7929750519040306,4.751143710558774,77.8967069961262,12.975645402562776
126,SPNO,5A,AirCooledChiller,PoG,1.5159719921755206,2.5405034729342826,0.0,0.0
127,SPNO,5A,WaterCooledChiller,PoG,2.317897586329512,3.9201307628831144,49.268752626484684,7.489369106297266
128,SPNO,5B,AirCooledChiller,PoG,1.5159719921755206,2.5405034729342826,0.0,0.0
129,SPNO,5B,WaterCooledChiller,PoG,2.800796354182149,4.7961063729387,76.58616516847991,15.035209083141545
130,SPSO,2A,AirCooledChiller,PoG,0.8450653272309805,1.4161814398732804,0.0,0.0
131,SPSO,2A,WaterCooledChiller,PoG,1.8534776830700364,3.1149099811567957,115.86887654873453,10.566238941805185
132,SPSO,3A,AirCooledChiller,PoG,0.8450653272309808,1.3931525646399243,0.0,0.0
133,SPSO,3A,WaterCooledChiller,PoG,1.8973688070545487,3.149896347944306,119.18644889472077,11.650955349112657
134,SPSO,3B,AirCooledChiller,PoG,0.8450653272309805,1.4161814398732804,0.0,0.0
135,SPSO,3B,WaterCooledChiller,PoG,2.575728803588818,4.364081966204757,193.6198215637982,22.870862288201515
136,SPSO,4A,AirCooledChiller,PoG,0.8450653272309805,1.4161814398732804,0.0,0.0
137,SPSO,4A,WaterCooledChiller,PoG,1.869041319047822,3.1573724541220236,114.87178982232653,13.260217617082958
138,SPSO,4B,AirCooledChiller,PoG,0.8450653272309805,1.4161814398732804,0.0,0.0
139,SPSO,4B,WaterCooledChiller,PoG,2.33081694575724,3.976763117326869,164.44182182216204,23.27715311091755
140,SPSO,5B,AirCooledChiller,PoG,0.8450653272309805,1.4161814398732804,0.0,0.0
141,SPSO,5B,WaterCooledChiller,PoG,2.338638248035352,4.021787918749949,162.09082641237987,26.971827067181067
142,SRMV,2A,AirCooledChiller,PoG,1.2693791589835088,2.127257085561451,0.0,0.0
143,SRMV,2A,WaterCooledChiller,PoG,2.1457688274885465,3.6047245888628674,66.736956206986,7.034275067280381
144,SRMV,3A,AirCooledChiller,PoG,1.2693791589835088,2.0926652340985124,0.0,0.0
145,SRMV,3A,WaterCooledChiller,PoG,2.189659951473065,3.6317426697723745,68.94556766900986,7.75640463684477
146,SRMV,4A,AirCooledChiller,PoG,1.2693791589835088,2.127257085561451,0.0,0.0
147,SRMV,4A,WaterCooledChiller,PoG,2.16133246346632,3.6471823766580576,66.0731644511755,8.827740758491208
148,SRMW,3A,AirCooledChiller,PoG,1.5579283971808984,2.610815057302714,0.0,0.0
149,SRMW,3A,WaterCooledChiller,PoG,2.3884288360636265,4.0248679083530305,50.41312006685658,6.424281268926749
150,SRMW,4A,AirCooledChiller,PoG,1.5579283971808984,2.610815057302714,0.0,0.0
151,SRMW,4A,WaterCooledChiller,PoG,2.3601013480569057,3.9802740476922027,48.072724457207215,7.192724749094103
152,SRMW,5A,AirCooledChiller,PoG,1.5579283971808984,2.610815057302714,0.0,0.0
153,SRMW,5A,WaterCooledChiller,PoG,2.3467995091917864,3.96856367114415,47.10396253747418,7.287673698445174
154,SRSO,2A,AirCooledChiller,PoG,1.4091019039542592,2.361407927844922,0.0,0.0
155,SRSO,2A,WaterCooledChiller,PoG,2.242017683812915,3.7660169579867344,57.03427995730377,6.336775320447549
156,SRSO,3A,AirCooledChiller,PoG,1.409101903954259,2.3230084918586225,0.0,0.0
157,SRSO,3A,WaterCooledChiller,PoG,2.2859088077974405,3.7904113057899287,59.02389146255921,6.987300469211571
158,SRSO,4A,AirCooledChiller,PoG,1.4091019039542592,2.361407927844922,0.0,0.0
159,SRSO,4A,WaterCooledChiller,PoG,2.257581319790713,3.808473457778117,56.43630800200444,7.952405790031074
160,SRTV,3A,AirCooledChiller,PoG,1.1597383647713306,1.911914292456674,0.0,0.0
161,SRTV,3A,WaterCooledChiller,PoG,2.114133228521634,3.50723528481626,78.40516153600122,8.489689307290988
162,SRTV,4A,AirCooledChiller,PoG,1.1597383647713304,1.9435183226364088,0.0,0.0
163,SRTV,4A,WaterCooledChiller,PoG,2.0858057405149126,3.5206171838697182,75.26120347471755,9.66230874146571
164,SRTV,5A,AirCooledChiller,PoG,1.1597383647713304,1.9435183226364088,0.0,0.0
165,SRTV,5A,WaterCooledChiller,PoG,2.0725039016497875,3.5089097933101487,73.9598222746852,9.789857910282633
166,SRVC,2A,AirCooledChiller,PoG,1.3200434971032293,2.2121616402704576,0.0,0.0
167,SRVC,2A,WaterCooledChiller,PoG,2.1806692626429913,3.663210167928102,62.98134207626906,6.764293895286823
168,SRVC,3A,AirCooledChiller,PoG,1.3200434971032293,2.17618913492936,0.0,0.0
169,SRVC,3A,WaterCooledChiller,PoG,2.2245603866275165,3.6892768592672693,65.10518524229543,7.458707547342186
170,SRVC,4A,AirCooledChiller,PoG,1.3200434971032293,2.2121616402704576,0.0,0.0
171,SRVC,4A,WaterCooledChiller,PoG,2.1962328986207713,3.7056674761771733,62.34302718544601,8.48892492129113
172,SRVC,5A,AirCooledChiller,PoG,1.3200434971032293,2.2121616402704576,0.0,0.0
173,SRVC,5A,WaterCooledChiller,PoG,2.182931059755658,3.6939587927680253,61.19968478182638,8.600984610840067
174,AZNM,2B,AbsorptionChiller,LC,3.285868580236318,5.389346864400609,-89.53364044382366,0.6713779260622622
175,AZNM,2B,AirCooledChiller,LC,30.43858020112081,51.00972782561902,0.0,0.0
176,AZNM,2B,WaterCooledChiller,LC,22.901020543753866,38.41659021295127,-25.00707820482146,0.5106111285812474
177,AZNM,3B,AbsorptionChiller,LC,3.353057674382717,5.511134592819188,-89.40711323456723,0.8419146402079789
178,AZNM,3B,AirCooledChiller,LC,30.438580201120818,51.00972782561903,0.0,0.0
179,AZNM,3B,WaterCooledChiller,LC,22.96140016888181,38.526660039214,-24.875107445504693,0.6349630171954185
180,AZNM,4B,AbsorptionChiller,LC,3.048302241383375,5.042145480770284,-90.42023710242273,0.863743596730493
181,AZNM,4B,AirCooledChiller,LC,30.438580201120814,50.18024607652283,0.0,0.0
182,AZNM,4B,WaterCooledChiller,LC,22.71648831105025,37.51875591612823,-25.685175317812355,0.6357341420215821
183,AZNM,5B,AbsorptionChiller,LC,3.054832195617039,5.0954376027552355,-90.51534629000645,0.9938350831299427
184,AZNM,5B,AirCooledChiller,LC,30.438580201120818,51.00972782561903,0.0,0.0
185,AZNM,5B,WaterCooledChiller,LC,22.72430961332834,38.18361792311884,-25.750445928076353,0.7488179710075368
186,AZNM,6B,AbsorptionChiller,LC,2.9129461376471824,4.871207419776179,-91.01598486194965,1.0773829560285058
187,AZNM,6B,AirCooledChiller,LC,30.43858020112081,51.00972782561902,0.0,0.0
188,AZNM,6B,WaterCooledChiller,LC,22.62012378285249,38.011238413234246,-26.1123865718665,0.804508272039624
189,CAMX,2B,AbsorptionChiller,LC,3.285868580236318,5.389346864400609,-48.34262780119695,3.3136277448224747
190,CAMX,2B,AirCooledChiller,LC,6.167195720649413,10.335139585323592,0.0,0.0
191,CAMX,2B,WaterCooledChiller,LC,6.181530827575856,10.397743797911389,-0.9713457096465933,2.520153160834046
192,CAMX,3B,AbsorptionChiller,LC,3.353057674382717,5.511134592819188,-47.71814484637809,4.155322363558366
193,CAMX,3B,AirCooledChiller,LC,6.167195720649413,10.335139585323592,0.0,0.0
194,CAMX,3B,WaterCooledChiller,LC,6.241910452703774,10.507804688028905,-0.31999577304329063,3.1338996845709297
195,CAMX,3B-CA,AbsorptionChiller,LC,2.285700579311971,3.7896779716588522,-64.00518053471443,1.2754636541503235
196,CAMX,3B-CA,AirCooledChiller,LC,6.167195720649413,10.335139585323592,0.0,0.0
197,CAMX,3B-CA,WaterCooledChiller,LC,5.3979233814850565,9.104038914288486,-13.240031528465806,0.8792759200837046
198,CAMX,3C,AbsorptionChiller,LC,2.4266132847610686,4.111734979245312,-63.09854588547489,2.977982456206014
199,CAMX,3C,AirCooledChiller,LC,6.167195720649413,10.335139585323592,0.0,0.0
200,CAMX,3C,WaterCooledChiller,LC,5.522863501522875,9.384299619175875,-12.276568645807982,2.2571731436847164
201,CAMX,4B,AbsorptionChiller,LC,3.048302241383372,5.0457354744474365,-52.71848106112386,4.266095831099215
202,CAMX,4B,AirCooledChiller,LC,6.167195720649413,10.335139585323592,0.0,0.0
203,CAMX,4B,WaterCooledChiller,LC,5.9969985948722,10.120211410224325,-4.318136421804359,3.189572035924793
204,CAMX,4C,AbsorptionChiller,LC,2.505314545636114,4.19443836424108,-61.70633696557447,3.73931385536567
205,CAMX,4C,AirCooledChiller,LC,6.167195720649413,10.335139585323592,0.0,0.0
206,CAMX,4C,WaterCooledChiller,LC,5.579127763245517,9.44164360701522,-11.218617072733798,2.7673933879881796
207,CAMX,5B,AbsorptionChiller,LC,3.054832195617039,5.0954376027552355,-53.18789840496442,4.905135211331329
208,CAMX,5B,AirCooledChiller,LC,6.167195720649413,10.335139585323592,0.0,0.0
209,CAMX,5B,WaterCooledChiller,LC,6.004819897150318,10.165001482760365,-4.640283601053153,3.6958379300668187
210,CAMX,6B,AbsorptionChiller,LC,2.9129461376471824,4.871207419776179,-55.65883138879158,5.317490963450937
211,CAMX,6B,AirCooledChiller,LC,6.167195720649413,10.335139585323592,0.0,0.0
212,CAMX,6B,WaterCooledChiller,LC,5.900634066674494,9.992675071901694,-6.4266642857416745,3.9707008939144135
213,ERCT,2A,AbsorptionChiller,LC,2.4822292511079755,4.049584282286467,-46.400411046666036,2.7518034996784313
214,ERCT,2A,AirCooledChiller,LC,4.544353640252593,7.615540567299944,0.0,0.0
215,ERCT,2A,WaterCooledChiller,LC,4.401754768644069,7.385315754746514,-3.781473456642258,1.964891572228594
216,ERCT,2B,AbsorptionChiller,LC,3.285868580236318,5.389346864400609,-29.895173222753638,4.496963147120201
217,ERCT,2B,AirCooledChiller,LC,4.544353640252593,7.615540567299944,0.0,0.0
218,ERCT,2B,WaterCooledChiller,LC,5.0636262640349425,8.524358484961908,9.793091846462982,3.420129465982588
219,ERCT,3A,AbsorptionChiller,LC,2.5275185380365444,4.138873950182367,-45.92934998257021,3.1806430487928585
220,ERCT,3A,AirCooledChiller,LC,4.544353640252593,7.491702386244127,0.0,0.0
221,ERCT,3A,WaterCooledChiller,LC,4.445645892628589,7.350845107283671,-3.1645396565648287,2.1666047966520368
222,ERCT,3B,AbsorptionChiller,LC,3.353057674382717,5.511134592819188,-29.047680067189358,5.639236803990285
223,ERCT,3B,AirCooledChiller,LC,4.544353640252593,7.615540567299944,0.0,0.0
224,ERCT,3B,WaterCooledChiller,LC,5.1240058891628495,8.634416442396754,10.67704649868686,4.253052084775968
225,ERCT,4B,AbsorptionChiller,LC,3.048302241383372,5.0457354744474365,-35.83369509740932,5.789568778361346
226,ERCT,4B,AirCooledChiller,LC,4.544353640252593,7.615540567299944,0.0,0.0
227,ERCT,4B,WaterCooledChiller,LC,4.879094031331268,8.246862413258974,5.251122846710437,4.3286056869423355
228,FRCC,1A,AbsorptionChiller,LC,2.4013649655583675,3.9058427441687633,-21.014285481953216,1.8424848133706857
229,FRCC,1A,AirCooledChiller,LC,3.022246513382853,5.064755683443825,0.0,0.0
230,FRCC,1A,WaterCooledChiller,LC,3.288635233158863,5.511624057436274,8.551076404389555,1.2792860836062712
231,FRCC,2A,AbsorptionChiller,LC,2.4822292511079755,4.049584282286467,-19.405817461434808,4.137706237943517
232,FRCC,2A,AirCooledChiller,LC,3.022246513382853,5.064755683443825,0.0,0.0
233,FRCC,2A,WaterCooledChiller,LC,3.353242085937569,5.6282058945436555,9.984325108652179,2.9544784415872805
234,MROE,5A,AbsorptionChiller,LC,2.467263230546233,4.062782069056772,-70.29609291592566,2.0865880423309786
235,MROE,5A,AirCooledChiller,LC,8.020798028575825,13.441452317373543,0.0,0.0
236,MROE,5A,WaterCooledChiller,LC,6.798786268581131,11.429226296053024,-15.921568638023798,1.4155291984350835
237,MROE,6A,AbsorptionChiller,LC,2.48872308882383,4.097957336377319,-70.031052523675,2.186706761946131
238,MROE,6A,AirCooledChiller,LC,8.020798028575825,13.441452317373543,0.0,0.0
239,MROE,6A,WaterCooledChiller,LC,6.818265762309356,11.460808804116034,-15.666749625996495,1.4665097137548053
240,MROE,7,AbsorptionChiller,LC,2.4094149950354544,3.9772518752037227,-71.214939084419,2.3862965485066017
241,MROE,7,AirCooledChiller,LC,8.020798028575825,13.441452317373543,0.0,0.0
242,MROE,7,WaterCooledChiller,LC,6.764084053455282,11.378031451373749,-16.50233371587858,1.614599633799605
243,MROW,5A,AbsorptionChiller,LC,2.467263230546233,4.062782069056772,-58.532604929097445,2.9129289442179775
244,MROW,5A,AirCooledChiller,LC,5.745454687317025,9.628375499054268,0.0,0.0
245,MROW,5A,WaterCooledChiller,LC,5.231402272601857,8.802579157452461,-9.904829976531827,1.9761140626991918
246,MROW,6A,AbsorptionChiller,LC,2.48872308882383,4.097957336377319,-58.162601931710626,3.0526971736473145
247,MROW,6A,AirCooledChiller,LC,5.745454687317031,9.62837549905429,0.0,0.0
248,MROW,6A,WaterCooledChiller,LC,5.250881766330075,8.834159271201314,-9.549096280845285,2.047284133477138
249,MROW,6B,AbsorptionChiller,LC,2.9129461376471824,4.871207419776179,-52.40399930204121,5.707817622648082
250,MROW,6B,AirCooledChiller,LC,5.745454687317025,9.628375499054282,0.0,0.0
251,MROW,6B,WaterCooledChiller,LC,5.61011520997868,9.505842233265422,-4.61447879415874,4.262167381632983
252,MROW,7,AbsorptionChiller,LC,2.4094149950354544,3.9772518752037227,-59.81533709528872,3.3313294932270563
253,MROW,7,AirCooledChiller,LC,5.745454687317019,9.628375499054263,0.0,0.0
254,MROW,7,WaterCooledChiller,LC,5.196700057476018,8.751387370070013,-10.715592508833085,2.254021355053428
255,NEWE,4A,AbsorptionChiller,LC,2.4849003936467757,4.079326620027143,5.523557696841313,7.230324729863424
256,NEWE,4A,AirCooledChiller,LC,2.2739579882633096,3.8107552094014387,0.0,0.0
257,NEWE,4A,WaterCooledChiller,LC,2.853342654263126,4.806840941579764,23.13808537609823,4.927861551349117
258,NEWE,5A,AbsorptionChiller,LC,2.467263230546233,4.062782069056772,4.772841279667701,7.359899058275677
259,NEWE,5A,AirCooledChiller,LC,2.2739579882633096,3.8107552094014387,0.0,0.0
260,NEWE,5A,WaterCooledChiller,LC,2.840040815398019,4.795126652927317,22.474369637880315,4.992912737535313
261,NEWE,6A,AbsorptionChiller,LC,2.48872308882383,4.097957336377319,5.707702638861463,7.713041918899054
262,NEWE,6A,AirCooledChiller,LC,2.2739579882633096,3.8107552094014387,0.0,0.0
263,NEWE,6A,WaterCooledChiller,LC,2.859520309126241,4.826697901530305,23.373177724873127,5.172733305396352
264,NEWE,7,AbsorptionChiller,LC,2.4094149950354544,3.9772518752037227,1.5318493286930235,8.417043213044112
265,NEWE,7,AirCooledChiller,LC,2.2739579882633096,3.8107552094014387,0.0,0.0
266,NEWE,7,WaterCooledChiller,LC,2.8053386002721568,4.743946368484123,20.42587119790681,5.695082154798563
267,NWPP,3B,AbsorptionChiller,LC,3.353057674382717,5.511134592819188,9.035414957646841,8.666052435632894
268,NWPP,3B,AirCooledChiller,LC,2.9571349225962047,4.955640064306042,0.0,0.0
269,NWPP,3B,WaterCooledChiller,LC,4.030640694089881,6.802164117149015,33.10827200803506,6.535844061749655
270,NWPP,4B,AbsorptionChiller,LC,3.048302241383375,5.042145480770284,-1.3929398224299878,8.890743720004597
271,NWPP,4B,AirCooledChiller,LC,2.9571349225962047,4.875055180526929,0.0,0.0
272,NWPP,4B,WaterCooledChiller,LC,3.785728836258306,6.310360869547245,24.7700268670468,6.543781455707627
273,NWPP,4C,AbsorptionChiller,LC,2.505314545636114,4.19443836424108,-20.13738940712343,7.7984539125224295
274,NWPP,4C,AirCooledChiller,LC,2.9571349225962047,4.955640064306042,0.0,0.0
275,NWPP,4C,WaterCooledChiller,LC,3.367858004631631,5.736195725885699,10.378862495190976,5.771483921598353
276,NWPP,5B,AbsorptionChiller,LC,3.054832195617039,5.0954376027552355,-2.3719241129372124,10.229810162998128
277,NWPP,5B,AirCooledChiller,LC,2.9571349225962047,4.955640064306042,0.0,0.0
278,NWPP,5B,WaterCooledChiller,LC,3.7935501385364496,6.459550323235191,24.09817902875723,7.707783534786738
279,NWPP,6A,AbsorptionChiller,LC,2.48872308882383,4.097957336377319,-18.71359233566223,5.931123788524124
280,NWPP,6A,AirCooledChiller,LC,2.9571349225962047,4.955640064306042,0.0,0.0
281,NWPP,6A,WaterCooledChiller,LC,3.3301308644120127,5.615345900987428,10.785096767195597,3.9776941292313257
282,NWPP,6B,AbsorptionChiller,LC,2.9129461376471824,4.871207419776179,-7.525130754753806,11.089790751108652
283,NWPP,6B,AirCooledChiller,LC,2.9571349225962047,4.955640064306042,0.0,0.0
284,NWPP,6B,WaterCooledChiller,LC,3.6893643080605996,6.287272053147852,20.372627235402277,8.281018689345506
285,NWPP,7,AbsorptionChiller,LC,2.4094149950354544,3.9772518752037227,-21.924712301786986,6.472482031712877
286,NWPP,7,AirCooledChiller,LC,2.9571349225962047,4.955640064306042,0.0,0.0
287,NWPP,7,WaterCooledChiller,LC,3.275949155557931,5.532587957561203,8.518696553382105,4.3793664809669695
288,NYCW,4A,AbsorptionChiller,LC,2.4849003936467757,4.079326620027143,32.945798019386594,9.109257801100608
289,NYCW,4A,AirCooledChiller,LC,1.8049170455144503,3.0247247615092463,0.0,0.0
290,NYCW,4A,WaterCooledChiller,LC,2.5302409694348396,4.265390812196049,37.236592137681804,6.208457151853339
291,NYCW,5A,AbsorptionChiller,LC,2.467263230546233,4.062782069056772,31.999994112223575,9.272504405645659
292,NYCW,5A,AirCooledChiller,LC,1.8049170455144503,3.0247247615092463,0.0,0.0
293,NYCW,5A,WaterCooledChiller,LC,2.5169391305697264,4.253678912123039,36.40039763854642,6.2904130870774395
294,NYLI,4A,AbsorptionChiller,LC,2.4849003936467757,4.079326620027143,49.13476973392787,10.21850321599835
295,NYLI,4A,AirCooledChiller,LC,1.6089885504421586,2.6963829288454213,0.0,0.0
296,NYLI,4A,WaterCooledChiller,LC,2.3952744428609853,4.039216369684718,45.559775236360395,6.964468539350007
297,NYUP,4A,AbsorptionChiller,LC,2.4849003936467757,4.079326620027143,14.264977658726378,7.829274445960162
298,NYUP,4A,AirCooledChiller,LC,2.0999972335475987,3.519227461005985,0.0,0.0
299,NYUP,4A,WaterCooledChiller,LC,2.7335087382445344,4.606024307138611,27.63228304153113,5.336078524639315
300,NYUP,5A,AbsorptionChiller,LC,2.467263230546233,4.062782069056772,13.452072971767073,7.969582525637697
301,NYUP,5A,AirCooledChiller,LC,2.0999972335475987,3.519227461005985,0.0,0.0
302,NYUP,5A,WaterCooledChiller,LC,2.7202068993794217,4.594310837877537,26.913586044814664,5.4065184576547605
303,NYUP,6A,AbsorptionChiller,LC,2.48872308882383,4.097957336377319,14.464376903266121,8.35197923363536
304,NYUP,6A,AirCooledChiller,LC,2.0999972335475987,3.519227461005985,0.0,0.0
305,NYUP,6A,WaterCooledChiller,LC,2.7396863931076436,4.625881222326241,27.886850102824315,5.601235103095425
306,RFCE,4A,AbsorptionChiller,LC,2.4849003936467757,4.079326620027143,5.781336410465237,7.2479873622484465
307,RFCE,4A,AirCooledChiller,LC,2.2684165762814663,3.8014687737301562,0.0,0.0
308,RFCE,4A,WaterCooledChiller,LC,2.849525419168104,4.8004440470208145,23.270616303343115,4.939899600851011
309,RFCE,5A,AbsorptionChiller,LC,2.467263230546233,4.062782069056772,5.0287861022009945,7.377878221912165
310,RFCE,5A,AirCooledChiller,LC,2.2684165762814663,3.8014687737301562,0.0,0.0
311,RFCE,5A,WaterCooledChiller,LC,2.8362235803030047,4.78872978339723,22.605279204050802,5.005109697622686
312,RFCE,6A,AbsorptionChiller,LC,2.48872308882383,4.097957336377319,5.965931191813346,7.731883759215
313,RFCE,6A,AirCooledChiller,LC,2.2684165762814663,3.8014687737301562,0.0,0.0
314,RFCE,6A,WaterCooledChiller,LC,2.85570307403122,4.82030100562431,23.50628294855579,5.185369541003937
315,RFCM,5A,AbsorptionChiller,LC,2.467263230546233,4.062782069056772,-67.17188115122627,2.306052198729007
316,RFCM,5A,AirCooledChiller,LC,7.2574685280769815,12.16224580365194,0.0,0.0
317,RFCM,5A,WaterCooledChiller,LC,6.272962134242424,10.548041043326055,-14.323610130104216,1.5644124063747162
318,RFCM,6A,AbsorptionChiller,LC,2.48872308882383,4.097957336377319,-66.87896421366966,2.416701252983444
319,RFCM,6A,AirCooledChiller,LC,7.2574685280769815,12.16224580365194,0.0,0.0
320,RFCM,6A,WaterCooledChiller,LC,6.292441627970656,10.579622882963502,-14.04198964199244,1.6207549747502987
321,RFCW,4A,AbsorptionChiller,LC,2.4849003936467757,4.079326620027143,-23.076660453192332,5.2706782861369295
322,RFCW,4A,AirCooledChiller,LC,3.119419130635882,5.2275999661084125,0.0,0.0
323,RFCW,4A,WaterCooledChiller,LC,3.435743665902975,5.782827463415659,8.433948725409598,3.5922553752649096
324,RFCW,5A,AbsorptionChiller,LC,2.467263230546233,4.062782069056772,-23.62390900244509,5.365133877654693
325,RFCW,5A,AirCooledChiller,LC,3.119419130635882,5.2275999661084125,0.0,0.0
326,RFCW,5A,WaterCooledChiller,LC,3.4224418270378627,5.771110012565297,7.95012092232783,3.639675634706228
327,RFCW,6A,AbsorptionChiller,LC,2.48872308882383,4.097957336377319,-22.94242460851427,5.622563865509811
328,RFCW,6A,AirCooledChiller,LC,3.119419130635882,5.2275999661084125,0.0,0.0
329,RFCW,6A,WaterCooledChiller,LC,3.4419213207661,5.802684583208745,8.605323619927526,3.7707591472582345
330,RFCW,7,AbsorptionChiller,LC,2.4094149950354544,3.9772518752037227,-25.986489735645364,6.135758566036455
331,RFCW,7,AirCooledChiller,LC,3.119419130635882,5.2275999661084125,0.0,0.0
332,RFCW,7,WaterCooledChiller,LC,3.387739611912019,5.719925384287081,6.4568302818461945,4.151534954868469
333,RMPA,4A,AbsorptionChiller,LC,2.4849003936467757,4.079326620027143,48.73229611589815,10.190926293679684
334,RMPA,4A,AirCooledChiller,LC,1.6133425169993258,2.703679414015718,0.0,0.0
335,RMPA,4A,WaterCooledChiller,LC,2.3982736990070825,4.044242461345811,45.35285279098797,6.945673359289862
336,RMPA,4B,AbsorptionChiller,LC,3.048302241383372,5.0457354744474365,80.73929013411986,16.307664166916073
337,RMPA,4B,AirCooledChiller,LC,1.6133425169993258,2.703679414015718,0.0,0.0
338,RMPA,4B,WaterCooledChiller,LC,2.860049325716483,4.863534745108763,71.31752853182283,12.192522544596285
339,RMPA,5A,AbsorptionChiller,LC,2.467263230546233,4.062782069056772,47.674183795814095,10.373557431249367
340,RMPA,5A,AirCooledChiller,LC,1.6133425169993258,2.703679414015718,0.0,0.0
341,RMPA,5A,WaterCooledChiller,LC,2.384971860141965,4.032531723970923,44.41736532383933,7.037361059153615
342,RMPA,5B,AbsorptionChiller,LC,3.054832195617039,5.0954376027552355,78.94488590586172,18.75046902054636
343,RMPA,5B,AirCooledChiller,LC,1.6133425169993258,2.703679414015718,0.0,0.0
344,RMPA,5B,WaterCooledChiller,LC,2.8678706279946136,4.90848999030559,70.08608221193421,14.127784786170412
345,RMPA,6A,AbsorptionChiller,LC,2.48872308882383,4.097957336377319,48.99184289997718,10.8713017232717
346,RMPA,6A,AirCooledChiller,LC,1.6133425169993258,2.703679414015718,0.0,0.0
347,RMPA,6A,WaterCooledChiller,LC,2.40445135387018,4.0640992174639985,45.68420841995707,7.290812767290422
348,RMPA,6B,AbsorptionChiller,LC,2.9129461376471824,4.871207419776179,69.49944752975414,20.326748454740542
349,RMPA,6B,AirCooledChiller,LC,1.6133425169993258,2.703679414015718,0.0,0.0
350,RMPA,6B,WaterCooledChiller,LC,2.763684797518795,4.736258308830207,63.25742729335535,15.178481508356972
351,RMPA,7,AbsorptionChiller,LC,2.4094149950354544,3.9772518752037227,43.10610264803409,11.863570475691231
352,RMPA,7,AirCooledChiller,LC,1.6133425169993258,2.703679414015718,0.0,0.0
353,RMPA,7,WaterCooledChiller,LC,2.350269645016121,3.98135639680191,41.53006808693753,8.027047835930725
354,SPNO,3A,AbsorptionChiller,LC,2.5275185380365466,4.1418208170207675,8.80468545265221,6.4048659749421795
355,SPNO,3A,AirCooledChiller,LC,2.25832329017168,3.784554194471719,0.0,0.0
356,SPNO,3A,WaterCooledChiller,LC,2.870900086108926,4.833387658336754,25.128229999249584,4.431858921130206
357,SPNO,4A,AbsorptionChiller,LC,2.4849003936467757,4.079326620027143,6.254112517460674,7.2803813115504745
358,SPNO,4A,AirCooledChiller,LC,2.25832329017168,3.784554194471719,0.0,0.0
359,SPNO,4A,WaterCooledChiller,LC,2.8425725981021923,4.788792561345127,23.513683137519358,4.96197784812772
360,SPNO,4B,AbsorptionChiller,LC,3.048302241383372,5.0457354744474365,29.11985743346554,11.650168985078304
361,SPNO,4B,AirCooledChiller,LC,2.25832329017168,3.784554194471719,0.0,0.0
362,SPNO,4B,WaterCooledChiller,LC,3.3043482248116,5.608024994550689,42.06280561926928,8.710318445673902
363,SPNO,5A,AbsorptionChiller,LC,2.467263230546233,4.062782069056772,5.498198782176746,7.410852701740652
364,SPNO,5A,AirCooledChiller,LC,2.25832329017168,3.784554194471719,0.0,0.0
365,SPNO,5A,WaterCooledChiller,LC,2.8292707592370863,4.777078343484093,22.84537239945121,5.02747939305609
366,SPNO,5B,AbsorptionChiller,LC,3.054832195617039,5.0954376027552355,27.837937946237535,13.395304833539688
367,SPNO,5B,AirCooledChiller,LC,2.25832329017168,3.784554194471719,0.0,0.0
368,SPNO,5B,WaterCooledChiller,LC,3.312169527089737,5.652938445351231,41.18306235402602,10.092866670478763
369,SPSO,2A,AbsorptionChiller,LC,2.4822292511079755,4.049584282286467,-34.26163008511555,3.3750086507630703
370,SPSO,2A,AirCooledChiller,LC,3.7052255401449687,6.209308879931591,0.0,0.0
371,SPSO,2A,WaterCooledChiller,LC,3.823716311398518,6.416631195214006,2.408655430365246,2.4098835744805713
372,SPSO,3A,AbsorptionChiller,LC,2.5275185380365444,4.138873950182367,-33.68388710072457,3.9009681490413004
373,SPSO,3A,AirCooledChiller,LC,3.7052255401449683,6.108337778732785,0.0,0.0
374,SPSO,3A,WaterCooledChiller,LC,3.867607435383031,6.3979143218046985,3.16530717255996,2.65727910162597
375,SPSO,3B,AbsorptionChiller,LC,3.353057674382717,5.511134592819188,-12.978999556820128,6.916363395640669
376,SPSO,3B,AirCooledChiller,LC,3.7052255401449687,6.209308879931591,0.0,0.0
377,SPSO,3B,WaterCooledChiller,LC,4.5459674319172745,7.665742234542178,20.141618533356727,5.216247301070182
378,SPSO,4A,AbsorptionChiller,LC,2.4849003936467757,4.079326620027143,-35.23845326691784,4.437369466193068
379,SPSO,4A,AirCooledChiller,LC,3.7052255401449687,6.209308879931591,0.0,0.0
380,SPSO,4A,WaterCooledChiller,LC,3.839279947376288,6.459075560900101,2.181245948377753,3.024309861385326
381,SPSO,4B,AbsorptionChiller,LC,3.048302241383372,5.0457354744474365,-21.30185379909723,7.100741282379013
382,SPSO,4B,AirCooledChiller,LC,3.7052255401449687,6.209308879931591,0.0,0.0
383,SPSO,4B,WaterCooledChiller,LC,4.301055574085719,7.27821666904262,13.486877645810305,5.308911643174478
384,SPSO,5B,AbsorptionChiller,LC,3.054832195617039,5.0954376027552355,-22.083179686756687,8.164396082442813
385,SPSO,5B,AirCooledChiller,LC,3.7052255401449687,6.209308879931591,0.0,0.0
386,SPSO,5B,WaterCooledChiller,LC,4.308876876363844,7.32306692526788,12.950676898040975,6.151570429269599
387,SRMV,2A,AbsorptionChiller,LC,2.4822292511079755,4.049584282286467,-73.17508856506194,1.3771912547599143
388,SRMV,2A,AirCooledChiller,LC,9.080197254961705,15.216819822676083,0.0,0.0
389,SRMV,2A,WaterCooledChiller,LC,7.52629802374097,12.621484643873943,-17.435126592975152,0.9833665413018524
390,SRMV,3A,AbsorptionChiller,LC,2.5275185380365444,4.138873950182367,-72.93933729212182,1.5918119850570767
391,SRMV,3A,AirCooledChiller,LC,9.080197254961705,14.969375367270548,0.0,0.0
392,SRMV,3A,WaterCooledChiller,LC,7.570189147725494,12.501862388596797,-17.126370595561042,1.0843176770499543
393,SRMV,4A,AbsorptionChiller,LC,2.4849003936467757,4.079326620027143,-73.5736867562457,1.81069355825107
394,SRMV,4A,AirCooledChiller,LC,9.080197254961705,15.216819822676083,0.0,0.0
395,SRMV,4A,WaterCooledChiller,LC,7.5418616597187365,12.663920271585125,-17.527922310631453,1.2340866420725378
396,SRMW,3A,AbsorptionChiller,LC,2.5275185380365466,4.1418208170207675,-73.93411434119561,1.5343870851544057
397,SRMW,3A,AirCooledChiller,LC,9.42673341139765,15.797553710549186,0.0,0.0
398,SRMW,3A,WaterCooledChiller,LC,7.808902670988918,13.10855977319161,-17.640584424022233,1.0617219967459601
399,SRMW,4A,AbsorptionChiller,LC,2.4849003936467757,4.079326620027143,-74.54514448402965,1.744130650531398
400,SRMW,4A,AirCooledChiller,LC,9.42673341139765,15.797553710549186,0.0,0.0
401,SRMW,4A,WaterCooledChiller,LC,7.780575182982174,13.063961245600261,-18.027374696091798,1.1887203817805336
402,SRMW,5A,AbsorptionChiller,LC,2.467263230546233,4.062782069056772,-74.7262355915483,1.775387138469363
403,SRMW,5A,AirCooledChiller,LC,9.42673341139765,15.797553710549186,0.0,0.0
404,SRMW,5A,WaterCooledChiller,LC,7.767273344117063,13.052235193818738,-18.18747911816472,1.2044123142886454
405,SRSO,2A,AbsorptionChiller,LC,2.4822292511079755,4.049584282286467,19.59515708351749,6.1400167097089104
406,SRSO,2A,AirCooledChiller,LC,2.036666810897952,3.4130967676196904,0.0,0.0
407,SRSO,2A,WaterCooledChiller,LC,2.674319558323696,4.490465275108117,29.8727356431926,4.384203700463615
408,SRSO,3A,AbsorptionChiller,LC,2.5275185380365444,4.138873950182367,20.646221523685472,7.09687354837998
409,SRSO,3A,AirCooledChiller,LC,2.0366668108979527,3.3575955603535377,0.0,0.0
410,SRSO,3A,WaterCooledChiller,LC,2.7182106823082015,4.503075800578297,31.249281549068574,4.834280375151456
411,SRSO,4A,AbsorptionChiller,LC,2.4849003936467757,4.079326620027143,17.81806218411973,8.072726765726655
412,SRSO,4A,AirCooledChiller,LC,2.036666810897952,3.4130967676196904,0.0,0.0
413,SRSO,4A,WaterCooledChiller,LC,2.6898831943014807,4.532917088273615,29.45901877196968,5.502004588953546
414,SRTV,3A,AbsorptionChiller,LC,2.5275185380365444,4.138873950182367,0.2721907365731998,5.898394902789492
415,SRTV,3A,AirCooledChiller,LC,2.4504915413991486,4.03981617221822,0.0,0.0
416,SRTV,3A,WaterCooledChiller,LC,3.0032763460111407,4.9730190166484745,20.717667071230938,4.017895278678095
417,SRTV,4A,AbsorptionChiller,LC,2.4849003936467757,4.079326620027143,-2.078365535714944,6.709451715882396
418,SRTV,4A,AirCooledChiller,LC,2.4504915413991486,4.1065945172157425,0.0,0.0
419,SRTV,4A,WaterCooledChiller,LC,2.9749488580044012,5.010627889371124,19.229733438602224,4.572858118635259
420,SRTV,5A,AbsorptionChiller,LC,2.467263230546233,4.062782069056772,-2.775000298542063,6.829691502141538
421,SRTV,5A,AirCooledChiller,LC,2.4504915413991486,4.1065945172157425,0.0,0.0
422,SRTV,5A,WaterCooledChiller,LC,2.9616470191393005,4.998912837280761,18.613831820763803,4.63322301357508
423,SRVC,2A,AbsorptionChiller,LC,2.4822292511079755,4.049584282286467,-60.145275038164876,2.0461420277717113
424,SRVC,2A,AirCooledChiller,LC,6.1115836932602,10.241943570193762,0.0,0.0
425,SRVC,2A,WaterCooledChiller,LC,5.481350651409988,9.19452067990109,-10.790618766312019,1.4610226443932728
426,SRVC,3A,AbsorptionChiller,LC,2.5275185380365444,4.138873950182367,-59.79501098733213,2.3650116798803014
427,SRVC,3A,AirCooledChiller,LC,6.111583693260201,10.07539680296161,0.0,0.0
428,SRVC,3A,WaterCooledChiller,LC,5.525241775394508,9.130627773148305,-10.331888999874261,1.6110093371560368
429,SRVC,4A,AbsorptionChiller,LC,2.4849003936467757,4.079326620027143,-60.73748654717369,2.6902118178199235
430,SRVC,4A,AirCooledChiller,LC,6.1115836932602,10.241943570193762,0.0,0.0
431,SRVC,4A,WaterCooledChiller,LC,5.496914287387767,9.236959701308793,-10.928488664364846,1.833526415106872
432,SRVC,5A,AbsorptionChiller,LC,2.467263230546233,4.062782069056772,-61.016808189391305,2.7384229843456636
433,SRVC,5A,AirCooledChiller,LC,6.1115836932602,10.241943570193762,0.0,0.0
434,SRVC,5A,WaterCooledChiller,LC,5.483612448522676,9.225236466910408,-11.175439664400638,1.8577302339371107
